"case_id","variant","clients","dimension","seed","repetition","status","encoded_plaintext_diff_linf","encoded_plaintext_mismatch_count","q_domain_diff_linf","q_domain_mismatch_count","total_ms","client_upload_bytes","path_to_cs_bytes","total_bytes","legacy_total_wire_bytes","wrapper_elapsed_seconds","result_file"
"plain_aggregate_c10_d784_s2024_r001","plain_aggregate","10","784","2024","1","PASS","0","0","0","0","0.230704","0","0","0","0","3.559342","results/formal_v8/controlled_baselines/plain_aggregate_c10_d784_s2024_r001.json"
"plain_aggregate_c10_d784_s2024_r002","plain_aggregate","10","784","2024","2","PASS","0","0","0","0","0.199544","0","0","0","0","0.167683","results/formal_v8/controlled_baselines/plain_aggregate_c10_d784_s2024_r002.json"
"plain_aggregate_c10_d784_s2024_r003","plain_aggregate","10","784","2024","3","PASS","0","0","0","0","0.123651","0","0","0","0","0.142869","results/formal_v8/controlled_baselines/plain_aggregate_c10_d784_s2024_r003.json"
"plain_aggregate_c10_d784_s2024_r004","plain_aggregate","10","784","2024","4","PASS","0","0","0","0","0.132304","0","0","0","0","0.122084","results/formal_v8/controlled_baselines/plain_aggregate_c10_d784_s2024_r004.json"
"plain_aggregate_c10_d784_s2024_r005","plain_aggregate","10","784","2024","5","PASS","0","0","0","0","0.107315","0","0","0","0","0.122632","results/formal_v8/controlled_baselines/plain_aggregate_c10_d784_s2024_r005.json"
"plain_aggregate_c10_d784_s2025_r001","plain_aggregate","10","784","2025","1","PASS","0","0","0","0","0.114471","0","0","0","0","0.132856","results/formal_v8/controlled_baselines/plain_aggregate_c10_d784_s2025_r001.json"
"plain_aggregate_c10_d784_s2025_r002","plain_aggregate","10","784","2025","2","PASS","0","0","0","0","0.118643","0","0","0","0","0.120366","results/formal_v8/controlled_baselines/plain_aggregate_c10_d784_s2025_r002.json"
"plain_aggregate_c10_d784_s2025_r003","plain_aggregate","10","784","2025","3","PASS","0","0","0","0","0.118099","0","0","0","0","0.131916","results/formal_v8/controlled_baselines/plain_aggregate_c10_d784_s2025_r003.json"
"plain_aggregate_c10_d784_s2025_r004","plain_aggregate","10","784","2025","4","PASS","0","0","0","0","0.116941","0","0","0","0","0.136386","results/formal_v8/controlled_baselines/plain_aggregate_c10_d784_s2025_r004.json"
"plain_aggregate_c10_d784_s2025_r005","plain_aggregate","10","784","2025","5","PASS","0","0","0","0","0.137314","0","0","0","0","0.121881","results/formal_v8/controlled_baselines/plain_aggregate_c10_d784_s2025_r005.json"
"plain_aggregate_c10_d784_s2026_r001","plain_aggregate","10","784","2026","1","PASS","0","0","0","0","0.115332","0","0","0","0","0.130997","results/formal_v8/controlled_baselines/plain_aggregate_c10_d784_s2026_r001.json"
"plain_aggregate_c10_d784_s2026_r002","plain_aggregate","10","784","2026","2","PASS","0","0","0","0","0.124588","0","0","0","0","0.123933","results/formal_v8/controlled_baselines/plain_aggregate_c10_d784_s2026_r002.json"
"plain_aggregate_c10_d784_s2026_r003","plain_aggregate","10","784","2026","3","PASS","0","0","0","0","0.232849","0","0","0","0","0.122184","results/formal_v8/controlled_baselines/plain_aggregate_c10_d784_s2026_r003.json"
"plain_aggregate_c10_d784_s2026_r004","plain_aggregate","10","784","2026","4","PASS","0","0","0","0","0.105057","0","0","0","0","0.116471","results/formal_v8/controlled_baselines/plain_aggregate_c10_d784_s2026_r004.json"
"plain_aggregate_c10_d784_s2026_r005","plain_aggregate","10","784","2026","5","PASS","0","0","0","0","0.156926","0","0","0","0","0.140754","results/formal_v8/controlled_baselines/plain_aggregate_c10_d784_s2026_r005.json"
"plain_aggregate_c20_d784_s2024_r001","plain_aggregate","20","784","2024","1","PASS","0","0","0","0","0.152386","0","0","0","0","0.133326","results/formal_v8/controlled_baselines/plain_aggregate_c20_d784_s2024_r001.json"
"plain_aggregate_c20_d784_s2024_r002","plain_aggregate","20","784","2024","2","PASS","0","0","0","0","0.149988","0","0","0","0","0.127187","results/formal_v8/controlled_baselines/plain_aggregate_c20_d784_s2024_r002.json"
"plain_aggregate_c20_d784_s2024_r003","plain_aggregate","20","784","2024","3","PASS","0","0","0","0","0.159783","0","0","0","0","0.13554","results/formal_v8/controlled_baselines/plain_aggregate_c20_d784_s2024_r003.json"
"plain_aggregate_c20_d784_s2024_r004","plain_aggregate","20","784","2024","4","PASS","0","0","0","0","0.196601","0","0","0","0","0.121955","results/formal_v8/controlled_baselines/plain_aggregate_c20_d784_s2024_r004.json"
"plain_aggregate_c20_d784_s2024_r005","plain_aggregate","20","784","2024","5","PASS","0","0","0","0","0.131026","0","0","0","0","0.118697","results/formal_v8/controlled_baselines/plain_aggregate_c20_d784_s2024_r005.json"
"plain_aggregate_c20_d784_s2025_r001","plain_aggregate","20","784","2025","1","PASS","0","0","0","0","0.134567","0","0","0","0","0.124959","results/formal_v8/controlled_baselines/plain_aggregate_c20_d784_s2025_r001.json"
"plain_aggregate_c20_d784_s2025_r002","plain_aggregate","20","784","2025","2","PASS","0","0","0","0","0.131604","0","0","0","0","0.118117","results/formal_v8/controlled_baselines/plain_aggregate_c20_d784_s2025_r002.json"
"plain_aggregate_c20_d784_s2025_r003","plain_aggregate","20","784","2025","3","PASS","0","0","0","0","0.14092","0","0","0","0","0.117172","results/formal_v8/controlled_baselines/plain_aggregate_c20_d784_s2025_r003.json"
"plain_aggregate_c20_d784_s2025_r004","plain_aggregate","20","784","2025","4","PASS","0","0","0","0","0.201177","0","0","0","0","0.123604","results/formal_v8/controlled_baselines/plain_aggregate_c20_d784_s2025_r004.json"
"plain_aggregate_c20_d784_s2025_r005","plain_aggregate","20","784","2025","5","PASS","0","0","0","0","0.189326","0","0","0","0","0.118455","results/formal_v8/controlled_baselines/plain_aggregate_c20_d784_s2025_r005.json"
"plain_aggregate_c20_d784_s2026_r001","plain_aggregate","20","784","2026","1","PASS","0","0","0","0","0.228407","0","0","0","0","0.113381","results/formal_v8/controlled_baselines/plain_aggregate_c20_d784_s2026_r001.json"
"plain_aggregate_c20_d784_s2026_r002","plain_aggregate","20","784","2026","2","PASS","0","0","0","0","0.185862","0","0","0","0","0.123362","results/formal_v8/controlled_baselines/plain_aggregate_c20_d784_s2026_r002.json"
"plain_aggregate_c20_d784_s2026_r003","plain_aggregate","20","784","2026","3","PASS","0","0","0","0","0.133258","0","0","0","0","0.131136","results/formal_v8/controlled_baselines/plain_aggregate_c20_d784_s2026_r003.json"
"plain_aggregate_c20_d784_s2026_r004","plain_aggregate","20","784","2026","4","PASS","0","0","0","0","0.135501","0","0","0","0","0.117987","results/formal_v8/controlled_baselines/plain_aggregate_c20_d784_s2026_r004.json"
"plain_aggregate_c20_d784_s2026_r005","plain_aggregate","20","784","2026","5","PASS","0","0","0","0","0.145938","0","0","0","0","0.125008","results/formal_v8/controlled_baselines/plain_aggregate_c20_d784_s2026_r005.json"
"plain_aggregate_c30_d784_s2024_r001","plain_aggregate","30","784","2024","1","PASS","0","0","0","0","0.280168","0","0","0","0","0.116307","results/formal_v8/controlled_baselines/plain_aggregate_c30_d784_s2024_r001.json"
"plain_aggregate_c30_d784_s2024_r002","plain_aggregate","30","784","2024","2","PASS","0","0","0","0","0.157931","0","0","0","0","0.127705","results/formal_v8/controlled_baselines/plain_aggregate_c30_d784_s2024_r002.json"
"plain_aggregate_c30_d784_s2024_r003","plain_aggregate","30","784","2024","3","PASS","0","0","0","0","0.160471","0","0","0","0","0.112022","results/formal_v8/controlled_baselines/plain_aggregate_c30_d784_s2024_r003.json"
"plain_aggregate_c30_d784_s2024_r004","plain_aggregate","30","784","2024","4","PASS","0","0","0","0","0.154365","0","0","0","0","0.112469","results/formal_v8/controlled_baselines/plain_aggregate_c30_d784_s2024_r004.json"
"plain_aggregate_c30_d784_s2024_r005","plain_aggregate","30","784","2024","5","PASS","0","0","0","0","0.213479","0","0","0","0","0.12252","results/formal_v8/controlled_baselines/plain_aggregate_c30_d784_s2024_r005.json"
"plain_aggregate_c30_d784_s2025_r001","plain_aggregate","30","784","2025","1","PASS","0","0","0","0","0.182846","0","0","0","0","0.124379","results/formal_v8/controlled_baselines/plain_aggregate_c30_d784_s2025_r001.json"
"plain_aggregate_c30_d784_s2025_r002","plain_aggregate","30","784","2025","2","PASS","0","0","0","0","0.198343","0","0","0","0","0.116959","results/formal_v8/controlled_baselines/plain_aggregate_c30_d784_s2025_r002.json"
"plain_aggregate_c30_d784_s2025_r003","plain_aggregate","30","784","2025","3","PASS","0","0","0","0","0.178945","0","0","0","0","0.130273","results/formal_v8/controlled_baselines/plain_aggregate_c30_d784_s2025_r003.json"
"plain_aggregate_c30_d784_s2025_r004","plain_aggregate","30","784","2025","4","PASS","0","0","0","0","0.18779","0","0","0","0","0.128855","results/formal_v8/controlled_baselines/plain_aggregate_c30_d784_s2025_r004.json"
"plain_aggregate_c30_d784_s2025_r005","plain_aggregate","30","784","2025","5","PASS","0","0","0","0","0.17568","0","0","0","0","0.128126","results/formal_v8/controlled_baselines/plain_aggregate_c30_d784_s2025_r005.json"
"plain_aggregate_c30_d784_s2026_r001","plain_aggregate","30","784","2026","1","PASS","0","0","0","0","0.19579","0","0","0","0","0.129513","results/formal_v8/controlled_baselines/plain_aggregate_c30_d784_s2026_r001.json"
"plain_aggregate_c30_d784_s2026_r002","plain_aggregate","30","784","2026","2","PASS","0","0","0","0","0.162399","0","0","0","0","0.12176","results/formal_v8/controlled_baselines/plain_aggregate_c30_d784_s2026_r002.json"
"plain_aggregate_c30_d784_s2026_r003","plain_aggregate","30","784","2026","3","PASS","0","0","0","0","0.173032","0","0","0","0","0.130075","results/formal_v8/controlled_baselines/plain_aggregate_c30_d784_s2026_r003.json"
"plain_aggregate_c30_d784_s2026_r004","plain_aggregate","30","784","2026","4","PASS","0","0","0","0","0.173076","0","0","0","0","0.145016","results/formal_v8/controlled_baselines/plain_aggregate_c30_d784_s2026_r004.json"
"plain_aggregate_c30_d784_s2026_r005","plain_aggregate","30","784","2026","5","PASS","0","0","0","0","0.168813","0","0","0","0","0.116174","results/formal_v8/controlled_baselines/plain_aggregate_c30_d784_s2026_r005.json"
"plain_aggregate_c40_d784_s2024_r001","plain_aggregate","40","784","2024","1","PASS","0","0","0","0","0.211558","0","0","0","0","0.117129","results/formal_v8/controlled_baselines/plain_aggregate_c40_d784_s2024_r001.json"
"plain_aggregate_c40_d784_s2024_r002","plain_aggregate","40","784","2024","2","PASS","0","0","0","0","0.196934","0","0","0","0","0.116147","results/formal_v8/controlled_baselines/plain_aggregate_c40_d784_s2024_r002.json"
"plain_aggregate_c40_d784_s2024_r003","plain_aggregate","40","784","2024","3","PASS","0","0","0","0","0.19669","0","0","0","0","0.112032","results/formal_v8/controlled_baselines/plain_aggregate_c40_d784_s2024_r003.json"
"plain_aggregate_c40_d784_s2024_r004","plain_aggregate","40","784","2024","4","PASS","0","0","0","0","0.221423","0","0","0","0","0.131143","results/formal_v8/controlled_baselines/plain_aggregate_c40_d784_s2024_r004.json"
"plain_aggregate_c40_d784_s2024_r005","plain_aggregate","40","784","2024","5","PASS","0","0","0","0","0.182738","0","0","0","0","0.110068","results/formal_v8/controlled_baselines/plain_aggregate_c40_d784_s2024_r005.json"
"plain_aggregate_c40_d784_s2025_r001","plain_aggregate","40","784","2025","1","PASS","0","0","0","0","0.206547","0","0","0","0","0.126725","results/formal_v8/controlled_baselines/plain_aggregate_c40_d784_s2025_r001.json"
"plain_aggregate_c40_d784_s2025_r002","plain_aggregate","40","784","2025","2","PASS","0","0","0","0","0.217327","0","0","0","0","0.111274","results/formal_v8/controlled_baselines/plain_aggregate_c40_d784_s2025_r002.json"
"plain_aggregate_c40_d784_s2025_r003","plain_aggregate","40","784","2025","3","PASS","0","0","0","0","0.195836","0","0","0","0","0.127112","results/formal_v8/controlled_baselines/plain_aggregate_c40_d784_s2025_r003.json"
"plain_aggregate_c40_d784_s2025_r004","plain_aggregate","40","784","2025","4","PASS","0","0","0","0","0.186297","0","0","0","0","0.117988","results/formal_v8/controlled_baselines/plain_aggregate_c40_d784_s2025_r004.json"
"plain_aggregate_c40_d784_s2025_r005","plain_aggregate","40","784","2025","5","PASS","0","0","0","0","0.209475","0","0","0","0","0.12141","results/formal_v8/controlled_baselines/plain_aggregate_c40_d784_s2025_r005.json"
"plain_aggregate_c40_d784_s2026_r001","plain_aggregate","40","784","2026","1","PASS","0","0","0","0","0.185064","0","0","0","0","0.117638","results/formal_v8/controlled_baselines/plain_aggregate_c40_d784_s2026_r001.json"
"plain_aggregate_c40_d784_s2026_r002","plain_aggregate","40","784","2026","2","PASS","0","0","0","0","0.21547","0","0","0","0","0.125163","results/formal_v8/controlled_baselines/plain_aggregate_c40_d784_s2026_r002.json"
"plain_aggregate_c40_d784_s2026_r003","plain_aggregate","40","784","2026","3","PASS","0","0","0","0","0.218147","0","0","0","0","0.115426","results/formal_v8/controlled_baselines/plain_aggregate_c40_d784_s2026_r003.json"
"plain_aggregate_c40_d784_s2026_r004","plain_aggregate","40","784","2026","4","PASS","0","0","0","0","0.195999","0","0","0","0","0.120049","results/formal_v8/controlled_baselines/plain_aggregate_c40_d784_s2026_r004.json"
"plain_aggregate_c40_d784_s2026_r005","plain_aggregate","40","784","2026","5","PASS","0","0","0","0","0.202145","0","0","0","0","0.111848","results/formal_v8/controlled_baselines/plain_aggregate_c40_d784_s2026_r005.json"
"plain_aggregate_c50_d784_s2024_r001","plain_aggregate","50","784","2024","1","PASS","0","0","0","0","0.218721","0","0","0","0","0.120491","results/formal_v8/controlled_baselines/plain_aggregate_c50_d784_s2024_r001.json"
"plain_aggregate_c50_d784_s2024_r002","plain_aggregate","50","784","2024","2","PASS","0","0","0","0","0.282398","0","0","0","0","0.13304","results/formal_v8/controlled_baselines/plain_aggregate_c50_d784_s2024_r002.json"
"plain_aggregate_c50_d784_s2024_r003","plain_aggregate","50","784","2024","3","PASS","0","0","0","0","0.229872","0","0","0","0","0.13555","results/formal_v8/controlled_baselines/plain_aggregate_c50_d784_s2024_r003.json"
"plain_aggregate_c50_d784_s2024_r004","plain_aggregate","50","784","2024","4","PASS","0","0","0","0","0.21252","0","0","0","0","0.131529","results/formal_v8/controlled_baselines/plain_aggregate_c50_d784_s2024_r004.json"
"plain_aggregate_c50_d784_s2024_r005","plain_aggregate","50","784","2024","5","PASS","0","0","0","0","0.240158","0","0","0","0","0.125444","results/formal_v8/controlled_baselines/plain_aggregate_c50_d784_s2024_r005.json"
"plain_aggregate_c50_d784_s2025_r001","plain_aggregate","50","784","2025","1","PASS","0","0","0","0","0.230508","0","0","0","0","0.119867","results/formal_v8/controlled_baselines/plain_aggregate_c50_d784_s2025_r001.json"
"plain_aggregate_c50_d784_s2025_r002","plain_aggregate","50","784","2025","2","PASS","0","0","0","0","0.400671","0","0","0","0","0.11419","results/formal_v8/controlled_baselines/plain_aggregate_c50_d784_s2025_r002.json"
"plain_aggregate_c50_d784_s2025_r003","plain_aggregate","50","784","2025","3","PASS","0","0","0","0","0.218373","0","0","0","0","0.112706","results/formal_v8/controlled_baselines/plain_aggregate_c50_d784_s2025_r003.json"
"plain_aggregate_c50_d784_s2025_r004","plain_aggregate","50","784","2025","4","PASS","0","0","0","0","0.216548","0","0","0","0","0.110816","results/formal_v8/controlled_baselines/plain_aggregate_c50_d784_s2025_r004.json"
"plain_aggregate_c50_d784_s2025_r005","plain_aggregate","50","784","2025","5","PASS","0","0","0","0","0.221698","0","0","0","0","0.116458","results/formal_v8/controlled_baselines/plain_aggregate_c50_d784_s2025_r005.json"
"plain_aggregate_c50_d784_s2026_r001","plain_aggregate","50","784","2026","1","PASS","0","0","0","0","0.241261","0","0","0","0","0.120231","results/formal_v8/controlled_baselines/plain_aggregate_c50_d784_s2026_r001.json"
"plain_aggregate_c50_d784_s2026_r002","plain_aggregate","50","784","2026","2","PASS","0","0","0","0","0.212724","0","0","0","0","0.12216","results/formal_v8/controlled_baselines/plain_aggregate_c50_d784_s2026_r002.json"
"plain_aggregate_c50_d784_s2026_r003","plain_aggregate","50","784","2026","3","PASS","0","0","0","0","0.235331","0","0","0","0","0.126502","results/formal_v8/controlled_baselines/plain_aggregate_c50_d784_s2026_r003.json"
"plain_aggregate_c50_d784_s2026_r004","plain_aggregate","50","784","2026","4","PASS","0","0","0","0","0.219029","0","0","0","0","0.124084","results/formal_v8/controlled_baselines/plain_aggregate_c50_d784_s2026_r004.json"
"plain_aggregate_c50_d784_s2026_r005","plain_aggregate","50","784","2026","5","PASS","0","0","0","0","0.228614","0","0","0","0","0.114273","results/formal_v8/controlled_baselines/plain_aggregate_c50_d784_s2026_r005.json"
"shamir_shuffle_proxy_c10_d784_s2024_r001","shamir_shuffle_proxy","10","784","2024","1","PASS","0","0",,,"0.64437","125920","125920","251840",,"0.124247","results/formal_v8/controlled_baselines/shamir_shuffle_proxy_c10_d784_s2024_r001.json"
"shamir_shuffle_proxy_c10_d784_s2024_r002","shamir_shuffle_proxy","10","784","2024","2","PASS","0","0",,,"0.634353","125920","125920","251840",,"0.126332","results/formal_v8/controlled_baselines/shamir_shuffle_proxy_c10_d784_s2024_r002.json"
"shamir_shuffle_proxy_c10_d784_s2024_r003","shamir_shuffle_proxy","10","784","2024","3","PASS","0","0",,,"0.605949","125920","125920","251840",,"0.13874","results/formal_v8/controlled_baselines/shamir_shuffle_proxy_c10_d784_s2024_r003.json"
"shamir_shuffle_proxy_c10_d784_s2024_r004","shamir_shuffle_proxy","10","784","2024","4","PASS","0","0",,,"0.715243","125920","125920","251840",,"0.132644","results/formal_v8/controlled_baselines/shamir_shuffle_proxy_c10_d784_s2024_r004.json"
"shamir_shuffle_proxy_c10_d784_s2024_r005","shamir_shuffle_proxy","10","784","2024","5","PASS","0","0",,,"0.612414","125920","125920","251840",,"0.136939","results/formal_v8/controlled_baselines/shamir_shuffle_proxy_c10_d784_s2024_r005.json"
"shamir_shuffle_proxy_c10_d784_s2025_r001","shamir_shuffle_proxy","10","784","2025","1","PASS","0","0",,,"0.610419","125920","125920","251840",,"0.130412","results/formal_v8/controlled_baselines/shamir_shuffle_proxy_c10_d784_s2025_r001.json"
"shamir_shuffle_proxy_c10_d784_s2025_r002","shamir_shuffle_proxy","10","784","2025","2","PASS","0","0",,,"0.625558","125920","125920","251840",,"0.124314","results/formal_v8/controlled_baselines/shamir_shuffle_proxy_c10_d784_s2025_r002.json"
"shamir_shuffle_proxy_c10_d784_s2025_r003","shamir_shuffle_proxy","10","784","2025","3","PASS","0","0",,,"0.615327","125920","125920","251840",,"0.117835","results/formal_v8/controlled_baselines/shamir_shuffle_proxy_c10_d784_s2025_r003.json"
"shamir_shuffle_proxy_c10_d784_s2025_r004","shamir_shuffle_proxy","10","784","2025","4","PASS","0","0",,,"0.602369","125920","125920","251840",,"0.119014","results/formal_v8/controlled_baselines/shamir_shuffle_proxy_c10_d784_s2025_r004.json"
"shamir_shuffle_proxy_c10_d784_s2025_r005","shamir_shuffle_proxy","10","784","2025","5","PASS","0","0",,,"0.600743","125920","125920","251840",,"0.123014","results/formal_v8/controlled_baselines/shamir_shuffle_proxy_c10_d784_s2025_r005.json"
"shamir_shuffle_proxy_c10_d784_s2026_r001","shamir_shuffle_proxy","10","784","2026","1","PASS","0","0",,,"0.826799","125920","125920","251840",,"0.133743","results/formal_v8/controlled_baselines/shamir_shuffle_proxy_c10_d784_s2026_r001.json"
"shamir_shuffle_proxy_c10_d784_s2026_r002","shamir_shuffle_proxy","10","784","2026","2","PASS","0","0",,,"0.648481","125920","125920","251840",,"0.117973","results/formal_v8/controlled_baselines/shamir_shuffle_proxy_c10_d784_s2026_r002.json"
"shamir_shuffle_proxy_c10_d784_s2026_r003","shamir_shuffle_proxy","10","784","2026","3","PASS","0","0",,,"0.601517","125920","125920","251840",,"0.130764","results/formal_v8/controlled_baselines/shamir_shuffle_proxy_c10_d784_s2026_r003.json"
"shamir_shuffle_proxy_c10_d784_s2026_r004","shamir_shuffle_proxy","10","784","2026","4","PASS","0","0",,,"1.13144","125920","125920","251840",,"0.129447","results/formal_v8/controlled_baselines/shamir_shuffle_proxy_c10_d784_s2026_r004.json"
"shamir_shuffle_proxy_c10_d784_s2026_r005","shamir_shuffle_proxy","10","784","2026","5","PASS","0","0",,,"0.581804","125920","125920","251840",,"0.109519","results/formal_v8/controlled_baselines/shamir_shuffle_proxy_c10_d784_s2026_r005.json"
"shamir_shuffle_proxy_c20_d784_s2024_r001","shamir_shuffle_proxy","20","784","2024","1","PASS","0","0",,,"1.13515","251840","251840","503680",,"0.113211","results/formal_v8/controlled_baselines/shamir_shuffle_proxy_c20_d784_s2024_r001.json"
"shamir_shuffle_proxy_c20_d784_s2024_r002","shamir_shuffle_proxy","20","784","2024","2","PASS","0","0",,,"1.14769","251840","251840","503680",,"0.118616","results/formal_v8/controlled_baselines/shamir_shuffle_proxy_c20_d784_s2024_r002.json"
"shamir_shuffle_proxy_c20_d784_s2024_r003","shamir_shuffle_proxy","20","784","2024","3","PASS","0","0",,,"1.21397","251840","251840","503680",,"0.129844","results/formal_v8/controlled_baselines/shamir_shuffle_proxy_c20_d784_s2024_r003.json"
"shamir_shuffle_proxy_c20_d784_s2024_r004","shamir_shuffle_proxy","20","784","2024","4","PASS","0","0",,,"1.14293","251840","251840","503680",,"0.135091","results/formal_v8/controlled_baselines/shamir_shuffle_proxy_c20_d784_s2024_r004.json"
"shamir_shuffle_proxy_c20_d784_s2024_r005","shamir_shuffle_proxy","20","784","2024","5","PASS","0","0",,,"1.20985","251840","251840","503680",,"0.12214","results/formal_v8/controlled_baselines/shamir_shuffle_proxy_c20_d784_s2024_r005.json"
"shamir_shuffle_proxy_c20_d784_s2025_r001","shamir_shuffle_proxy","20","784","2025","1","PASS","0","0",,,"1.15146","251840","251840","503680",,"0.123616","results/formal_v8/controlled_baselines/shamir_shuffle_proxy_c20_d784_s2025_r001.json"
"shamir_shuffle_proxy_c20_d784_s2025_r002","shamir_shuffle_proxy","20","784","2025","2","PASS","0","0",,,"1.18105","251840","251840","503680",,"0.121816","results/formal_v8/controlled_baselines/shamir_shuffle_proxy_c20_d784_s2025_r002.json"
"shamir_shuffle_proxy_c20_d784_s2025_r003","shamir_shuffle_proxy","20","784","2025","3","PASS","0","0",,,"1.22008","251840","251840","503680",,"0.116543","results/formal_v8/controlled_baselines/shamir_shuffle_proxy_c20_d784_s2025_r003.json"
"shamir_shuffle_proxy_c20_d784_s2025_r004","shamir_shuffle_proxy","20","784","2025","4","PASS","0","0",,,"1.27951","251840","251840","503680",,"0.114209","results/formal_v8/controlled_baselines/shamir_shuffle_proxy_c20_d784_s2025_r004.json"
"shamir_shuffle_proxy_c20_d784_s2025_r005","shamir_shuffle_proxy","20","784","2025","5","PASS","0","0",,,"1.12883","251840","251840","503680",,"0.118614","results/formal_v8/controlled_baselines/shamir_shuffle_proxy_c20_d784_s2025_r005.json"
"shamir_shuffle_proxy_c20_d784_s2026_r001","shamir_shuffle_proxy","20","784","2026","1","PASS","0","0",,,"1.69857","251840","251840","503680",,"0.115783","results/formal_v8/controlled_baselines/shamir_shuffle_proxy_c20_d784_s2026_r001.json"
"shamir_shuffle_proxy_c20_d784_s2026_r002","shamir_shuffle_proxy","20","784","2026","2","PASS","0","0",,,"1.23158","251840","251840","503680",,"0.118163","results/formal_v8/controlled_baselines/shamir_shuffle_proxy_c20_d784_s2026_r002.json"
"shamir_shuffle_proxy_c20_d784_s2026_r003","shamir_shuffle_proxy","20","784","2026","3","PASS","0","0",,,"1.15248","251840","251840","503680",,"0.115024","results/formal_v8/controlled_baselines/shamir_shuffle_proxy_c20_d784_s2026_r003.json"
"shamir_shuffle_proxy_c20_d784_s2026_r004","shamir_shuffle_proxy","20","784","2026","4","PASS","0","0",,,"1.1689","251840","251840","503680",,"0.114638","results/formal_v8/controlled_baselines/shamir_shuffle_proxy_c20_d784_s2026_r004.json"
"shamir_shuffle_proxy_c20_d784_s2026_r005","shamir_shuffle_proxy","20","784","2026","5","PASS","0","0",,,"1.22265","251840","251840","503680",,"0.175046","results/formal_v8/controlled_baselines/shamir_shuffle_proxy_c20_d784_s2026_r005.json"
"shamir_shuffle_proxy_c30_d784_s2024_r001","shamir_shuffle_proxy","30","784","2024","1","PASS","0","0",,,"1.7354","377760","377760","755520",,"0.117792","results/formal_v8/controlled_baselines/shamir_shuffle_proxy_c30_d784_s2024_r001.json"
"shamir_shuffle_proxy_c30_d784_s2024_r002","shamir_shuffle_proxy","30","784","2024","2","PASS","0","0",,,"2.2416","377760","377760","755520",,"0.111403","results/formal_v8/controlled_baselines/shamir_shuffle_proxy_c30_d784_s2024_r002.json"
"shamir_shuffle_proxy_c30_d784_s2024_r003","shamir_shuffle_proxy","30","784","2024","3","PASS","0","0",,,"1.7016","377760","377760","755520",,"0.108856","results/formal_v8/controlled_baselines/shamir_shuffle_proxy_c30_d784_s2024_r003.json"
"shamir_shuffle_proxy_c30_d784_s2024_r004","shamir_shuffle_proxy","30","784","2024","4","PASS","0","0",,,"1.72626","377760","377760","755520",,"0.118461","results/formal_v8/controlled_baselines/shamir_shuffle_proxy_c30_d784_s2024_r004.json"
"shamir_shuffle_proxy_c30_d784_s2024_r005","shamir_shuffle_proxy","30","784","2024","5","PASS","0","0",,,"1.79026","377760","377760","755520",,"0.12156","results/formal_v8/controlled_baselines/shamir_shuffle_proxy_c30_d784_s2024_r005.json"
"shamir_shuffle_proxy_c30_d784_s2025_r001","shamir_shuffle_proxy","30","784","2025","1","PASS","0","0",,,"1.68836","377760","377760","755520",,"0.119848","results/formal_v8/controlled_baselines/shamir_shuffle_proxy_c30_d784_s2025_r001.json"
"shamir_shuffle_proxy_c30_d784_s2025_r002","shamir_shuffle_proxy","30","784","2025","2","PASS","0","0",,,"1.82563","377760","377760","755520",,"0.1148","results/formal_v8/controlled_baselines/shamir_shuffle_proxy_c30_d784_s2025_r002.json"
"shamir_shuffle_proxy_c30_d784_s2025_r003","shamir_shuffle_proxy","30","784","2025","3","PASS","0","0",,,"1.84776","377760","377760","755520",,"0.118123","results/formal_v8/controlled_baselines/shamir_shuffle_proxy_c30_d784_s2025_r003.json"
"shamir_shuffle_proxy_c30_d784_s2025_r004","shamir_shuffle_proxy","30","784","2025","4","PASS","0","0",,,"1.89987","377760","377760","755520",,"0.112272","results/formal_v8/controlled_baselines/shamir_shuffle_proxy_c30_d784_s2025_r004.json"
"shamir_shuffle_proxy_c30_d784_s2025_r005","shamir_shuffle_proxy","30","784","2025","5","PASS","0","0",,,"1.72905","377760","377760","755520",,"0.1251","results/formal_v8/controlled_baselines/shamir_shuffle_proxy_c30_d784_s2025_r005.json"
"shamir_shuffle_proxy_c30_d784_s2026_r001","shamir_shuffle_proxy","30","784","2026","1","PASS","0","0",,,"1.80867","377760","377760","755520",,"0.142028","results/formal_v8/controlled_baselines/shamir_shuffle_proxy_c30_d784_s2026_r001.json"
"shamir_shuffle_proxy_c30_d784_s2026_r002","shamir_shuffle_proxy","30","784","2026","2","PASS","0","0",,,"1.81751","377760","377760","755520",,"0.128868","results/formal_v8/controlled_baselines/shamir_shuffle_proxy_c30_d784_s2026_r002.json"
"shamir_shuffle_proxy_c30_d784_s2026_r003","shamir_shuffle_proxy","30","784","2026","3","PASS","0","0",,,"1.91572","377760","377760","755520",,"0.138611","results/formal_v8/controlled_baselines/shamir_shuffle_proxy_c30_d784_s2026_r003.json"
"shamir_shuffle_proxy_c30_d784_s2026_r004","shamir_shuffle_proxy","30","784","2026","4","PASS","0","0",,,"1.69286","377760","377760","755520",,"0.117129","results/formal_v8/controlled_baselines/shamir_shuffle_proxy_c30_d784_s2026_r004.json"
"shamir_shuffle_proxy_c30_d784_s2026_r005","shamir_shuffle_proxy","30","784","2026","5","PASS","0","0",,,"1.86099","377760","377760","755520",,"0.118621","results/formal_v8/controlled_baselines/shamir_shuffle_proxy_c30_d784_s2026_r005.json"
"shamir_shuffle_proxy_c40_d784_s2024_r001","shamir_shuffle_proxy","40","784","2024","1","PASS","0","0",,,"2.22124","503680","503680","1007360",,"0.126634","results/formal_v8/controlled_baselines/shamir_shuffle_proxy_c40_d784_s2024_r001.json"
"shamir_shuffle_proxy_c40_d784_s2024_r002","shamir_shuffle_proxy","40","784","2024","2","PASS","0","0",,,"2.3128","503680","503680","1007360",,"0.118686","results/formal_v8/controlled_baselines/shamir_shuffle_proxy_c40_d784_s2024_r002.json"
"shamir_shuffle_proxy_c40_d784_s2024_r003","shamir_shuffle_proxy","40","784","2024","3","PASS","0","0",,,"3.41902","503680","503680","1007360",,"0.130678","results/formal_v8/controlled_baselines/shamir_shuffle_proxy_c40_d784_s2024_r003.json"
"shamir_shuffle_proxy_c40_d784_s2024_r004","shamir_shuffle_proxy","40","784","2024","4","PASS","0","0",,,"2.37834","503680","503680","1007360",,"0.129651","results/formal_v8/controlled_baselines/shamir_shuffle_proxy_c40_d784_s2024_r004.json"
"shamir_shuffle_proxy_c40_d784_s2024_r005","shamir_shuffle_proxy","40","784","2024","5","PASS","0","0",,,"2.38303","503680","503680","1007360",,"0.125352","results/formal_v8/controlled_baselines/shamir_shuffle_proxy_c40_d784_s2024_r005.json"
"shamir_shuffle_proxy_c40_d784_s2025_r001","shamir_shuffle_proxy","40","784","2025","1","PASS","0","0",,,"2.23114","503680","503680","1007360",,"0.120365","results/formal_v8/controlled_baselines/shamir_shuffle_proxy_c40_d784_s2025_r001.json"
"shamir_shuffle_proxy_c40_d784_s2025_r002","shamir_shuffle_proxy","40","784","2025","2","PASS","0","0",,,"2.39915","503680","503680","1007360",,"0.109965","results/formal_v8/controlled_baselines/shamir_shuffle_proxy_c40_d784_s2025_r002.json"
"shamir_shuffle_proxy_c40_d784_s2025_r003","shamir_shuffle_proxy","40","784","2025","3","PASS","0","0",,,"2.28018","503680","503680","1007360",,"0.109155","results/formal_v8/controlled_baselines/shamir_shuffle_proxy_c40_d784_s2025_r003.json"
"shamir_shuffle_proxy_c40_d784_s2025_r004","shamir_shuffle_proxy","40","784","2025","4","PASS","0","0",,,"2.29086","503680","503680","1007360",,"0.118544","results/formal_v8/controlled_baselines/shamir_shuffle_proxy_c40_d784_s2025_r004.json"
"shamir_shuffle_proxy_c40_d784_s2025_r005","shamir_shuffle_proxy","40","784","2025","5","PASS","0","0",,,"2.36253","503680","503680","1007360",,"0.112718","results/formal_v8/controlled_baselines/shamir_shuffle_proxy_c40_d784_s2025_r005.json"
"shamir_shuffle_proxy_c40_d784_s2026_r001","shamir_shuffle_proxy","40","784","2026","1","PASS","0","0",,,"2.8698","503680","503680","1007360",,"0.123443","results/formal_v8/controlled_baselines/shamir_shuffle_proxy_c40_d784_s2026_r001.json"
"shamir_shuffle_proxy_c40_d784_s2026_r002","shamir_shuffle_proxy","40","784","2026","2","PASS","0","0",,,"2.48036","503680","503680","1007360",,"0.112706","results/formal_v8/controlled_baselines/shamir_shuffle_proxy_c40_d784_s2026_r002.json"
"shamir_shuffle_proxy_c40_d784_s2026_r003","shamir_shuffle_proxy","40","784","2026","3","PASS","0","0",,,"2.63514","503680","503680","1007360",,"0.115506","results/formal_v8/controlled_baselines/shamir_shuffle_proxy_c40_d784_s2026_r003.json"
"shamir_shuffle_proxy_c40_d784_s2026_r004","shamir_shuffle_proxy","40","784","2026","4","PASS","0","0",,,"2.39578","503680","503680","1007360",,"0.129884","results/formal_v8/controlled_baselines/shamir_shuffle_proxy_c40_d784_s2026_r004.json"
"shamir_shuffle_proxy_c40_d784_s2026_r005","shamir_shuffle_proxy","40","784","2026","5","PASS","0","0",,,"2.25647","503680","503680","1007360",,"0.122159","results/formal_v8/controlled_baselines/shamir_shuffle_proxy_c40_d784_s2026_r005.json"
"shamir_shuffle_proxy_c50_d784_s2024_r001","shamir_shuffle_proxy","50","784","2024","1","PASS","0","0",,,"3.00241","629600","629600","1259200",,"0.128693","results/formal_v8/controlled_baselines/shamir_shuffle_proxy_c50_d784_s2024_r001.json"
"shamir_shuffle_proxy_c50_d784_s2024_r002","shamir_shuffle_proxy","50","784","2024","2","PASS","0","0",,,"3.09985","629600","629600","1259200",,"0.122054","results/formal_v8/controlled_baselines/shamir_shuffle_proxy_c50_d784_s2024_r002.json"
"shamir_shuffle_proxy_c50_d784_s2024_r003","shamir_shuffle_proxy","50","784","2024","3","PASS","0","0",,,"3.04637","629600","629600","1259200",,"0.123031","results/formal_v8/controlled_baselines/shamir_shuffle_proxy_c50_d784_s2024_r003.json"
"shamir_shuffle_proxy_c50_d784_s2024_r004","shamir_shuffle_proxy","50","784","2024","4","PASS","0","0",,,"3.15672","629600","629600","1259200",,"0.130399","results/formal_v8/controlled_baselines/shamir_shuffle_proxy_c50_d784_s2024_r004.json"
"shamir_shuffle_proxy_c50_d784_s2024_r005","shamir_shuffle_proxy","50","784","2024","5","PASS","0","0",,,"2.809","629600","629600","1259200",,"0.11135","results/formal_v8/controlled_baselines/shamir_shuffle_proxy_c50_d784_s2024_r005.json"
"shamir_shuffle_proxy_c50_d784_s2025_r001","shamir_shuffle_proxy","50","784","2025","1","PASS","0","0",,,"2.80278","629600","629600","1259200",,"0.111577","results/formal_v8/controlled_baselines/shamir_shuffle_proxy_c50_d784_s2025_r001.json"
"shamir_shuffle_proxy_c50_d784_s2025_r002","shamir_shuffle_proxy","50","784","2025","2","PASS","0","0",,,"2.81504","629600","629600","1259200",,"0.112952","results/formal_v8/controlled_baselines/shamir_shuffle_proxy_c50_d784_s2025_r002.json"
"shamir_shuffle_proxy_c50_d784_s2025_r003","shamir_shuffle_proxy","50","784","2025","3","PASS","0","0",,,"3.76614","629600","629600","1259200",,"0.144299","results/formal_v8/controlled_baselines/shamir_shuffle_proxy_c50_d784_s2025_r003.json"
"shamir_shuffle_proxy_c50_d784_s2025_r004","shamir_shuffle_proxy","50","784","2025","4","PASS","0","0",,,"2.96709","629600","629600","1259200",,"0.113679","results/formal_v8/controlled_baselines/shamir_shuffle_proxy_c50_d784_s2025_r004.json"
"shamir_shuffle_proxy_c50_d784_s2025_r005","shamir_shuffle_proxy","50","784","2025","5","PASS","0","0",,,"4.53159","629600","629600","1259200",,"0.124427","results/formal_v8/controlled_baselines/shamir_shuffle_proxy_c50_d784_s2025_r005.json"
"shamir_shuffle_proxy_c50_d784_s2026_r001","shamir_shuffle_proxy","50","784","2026","1","PASS","0","0",,,"2.82488","629600","629600","1259200",,"0.121046","results/formal_v8/controlled_baselines/shamir_shuffle_proxy_c50_d784_s2026_r001.json"
"shamir_shuffle_proxy_c50_d784_s2026_r002","shamir_shuffle_proxy","50","784","2026","2","PASS","0","0",,,"2.94029","629600","629600","1259200",,"0.112877","results/formal_v8/controlled_baselines/shamir_shuffle_proxy_c50_d784_s2026_r002.json"
"shamir_shuffle_proxy_c50_d784_s2026_r003","shamir_shuffle_proxy","50","784","2026","3","PASS","0","0",,,"2.88271","629600","629600","1259200",,"0.119286","results/formal_v8/controlled_baselines/shamir_shuffle_proxy_c50_d784_s2026_r003.json"
"shamir_shuffle_proxy_c50_d784_s2026_r004","shamir_shuffle_proxy","50","784","2026","4","PASS","0","0",,,"2.73802","629600","629600","1259200",,"0.103372","results/formal_v8/controlled_baselines/shamir_shuffle_proxy_c50_d784_s2026_r004.json"
"shamir_shuffle_proxy_c50_d784_s2026_r005","shamir_shuffle_proxy","50","784","2026","5","PASS","0","0",,,"2.85934","629600","629600","1259200",,"0.108398","results/formal_v8/controlled_baselines/shamir_shuffle_proxy_c50_d784_s2026_r005.json"
"openfhe_bgv_only_c10_d784_s2024_r001","openfhe_bgv_only","10","784","2024","1","PASS",,,"0","0","83.8447","7877530","0","7877530","7877530","0.197159","results/formal_v8/controlled_baselines/openfhe_bgv_only_c10_d784_s2024_r001.json"
"openfhe_bgv_only_c10_d784_s2024_r002","openfhe_bgv_only","10","784","2024","2","PASS",,,"0","0","85.1025","7877530","0","7877530","7877530","0.173907","results/formal_v8/controlled_baselines/openfhe_bgv_only_c10_d784_s2024_r002.json"
"openfhe_bgv_only_c10_d784_s2024_r003","openfhe_bgv_only","10","784","2024","3","PASS",,,"0","0","77.5455","7877530","0","7877530","7877530","0.169495","results/formal_v8/controlled_baselines/openfhe_bgv_only_c10_d784_s2024_r003.json"
"openfhe_bgv_only_c10_d784_s2024_r004","openfhe_bgv_only","10","784","2024","4","PASS",,,"0","0","80.3186","7877530","0","7877530","7877530","0.182477","results/formal_v8/controlled_baselines/openfhe_bgv_only_c10_d784_s2024_r004.json"
"openfhe_bgv_only_c10_d784_s2024_r005","openfhe_bgv_only","10","784","2024","5","PASS",,,"0","0","97.7531","7877530","0","7877530","7877530","0.204565","results/formal_v8/controlled_baselines/openfhe_bgv_only_c10_d784_s2024_r005.json"
"openfhe_bgv_only_c10_d784_s2025_r001","openfhe_bgv_only","10","784","2025","1","PASS",,,"0","0","81.7714","7877530","0","7877530","7877530","0.186415","results/formal_v8/controlled_baselines/openfhe_bgv_only_c10_d784_s2025_r001.json"
"openfhe_bgv_only_c10_d784_s2025_r002","openfhe_bgv_only","10","784","2025","2","PASS",,,"0","0","88.9378","7877530","0","7877530","7877530","0.191299","results/formal_v8/controlled_baselines/openfhe_bgv_only_c10_d784_s2025_r002.json"
"openfhe_bgv_only_c10_d784_s2025_r003","openfhe_bgv_only","10","784","2025","3","PASS",,,"0","0","83.617","7877530","0","7877530","7877530","0.179922","results/formal_v8/controlled_baselines/openfhe_bgv_only_c10_d784_s2025_r003.json"
"openfhe_bgv_only_c10_d784_s2025_r004","openfhe_bgv_only","10","784","2025","4","PASS",,,"0","0","80.4707","7877530","0","7877530","7877530","0.174699","results/formal_v8/controlled_baselines/openfhe_bgv_only_c10_d784_s2025_r004.json"
"openfhe_bgv_only_c10_d784_s2025_r005","openfhe_bgv_only","10","784","2025","5","PASS",,,"0","0","80.8066","7877530","0","7877530","7877530","0.192361","results/formal_v8/controlled_baselines/openfhe_bgv_only_c10_d784_s2025_r005.json"
"openfhe_bgv_only_c10_d784_s2026_r001","openfhe_bgv_only","10","784","2026","1","PASS",,,"0","0","86.2263","7877530","0","7877530","7877530","0.197964","results/formal_v8/controlled_baselines/openfhe_bgv_only_c10_d784_s2026_r001.json"
"openfhe_bgv_only_c10_d784_s2026_r002","openfhe_bgv_only","10","784","2026","2","PASS",,,"0","0","87.4135","7877530","0","7877530","7877530","0.1912","results/formal_v8/controlled_baselines/openfhe_bgv_only_c10_d784_s2026_r002.json"
"openfhe_bgv_only_c10_d784_s2026_r003","openfhe_bgv_only","10","784","2026","3","PASS",,,"0","0","77.3955","7877530","0","7877530","7877530","0.173295","results/formal_v8/controlled_baselines/openfhe_bgv_only_c10_d784_s2026_r003.json"
"openfhe_bgv_only_c10_d784_s2026_r004","openfhe_bgv_only","10","784","2026","4","PASS",,,"0","0","80.6188","7877530","0","7877530","7877530","0.175284","results/formal_v8/controlled_baselines/openfhe_bgv_only_c10_d784_s2026_r004.json"
"openfhe_bgv_only_c10_d784_s2026_r005","openfhe_bgv_only","10","784","2026","5","PASS",,,"0","0","85.5217","7877530","0","7877530","7877530","0.191121","results/formal_v8/controlled_baselines/openfhe_bgv_only_c10_d784_s2026_r005.json"
"openfhe_bgv_only_c20_d784_s2024_r001","openfhe_bgv_only","20","784","2024","1","PASS",,,"0","0","138.379","15755060","0","15755060","15755060","0.246584","results/formal_v8/controlled_baselines/openfhe_bgv_only_c20_d784_s2024_r001.json"
"openfhe_bgv_only_c20_d784_s2024_r002","openfhe_bgv_only","20","784","2024","2","PASS",,,"0","0","134.643","15755060","0","15755060","15755060","0.234067","results/formal_v8/controlled_baselines/openfhe_bgv_only_c20_d784_s2024_r002.json"
"openfhe_bgv_only_c20_d784_s2024_r003","openfhe_bgv_only","20","784","2024","3","PASS",,,"0","0","131.072","15755060","0","15755060","15755060","0.223293","results/formal_v8/controlled_baselines/openfhe_bgv_only_c20_d784_s2024_r003.json"
"openfhe_bgv_only_c20_d784_s2024_r004","openfhe_bgv_only","20","784","2024","4","PASS",,,"0","0","143.157","15755060","0","15755060","15755060","0.23609","results/formal_v8/controlled_baselines/openfhe_bgv_only_c20_d784_s2024_r004.json"
"openfhe_bgv_only_c20_d784_s2024_r005","openfhe_bgv_only","20","784","2024","5","PASS",,,"0","0","138.073","15755060","0","15755060","15755060","0.226297","results/formal_v8/controlled_baselines/openfhe_bgv_only_c20_d784_s2024_r005.json"
"openfhe_bgv_only_c20_d784_s2025_r001","openfhe_bgv_only","20","784","2025","1","PASS",,,"0","0","142.917","15755060","0","15755060","15755060","0.243806","results/formal_v8/controlled_baselines/openfhe_bgv_only_c20_d784_s2025_r001.json"
"openfhe_bgv_only_c20_d784_s2025_r002","openfhe_bgv_only","20","784","2025","2","PASS",,,"0","0","141.429","15755060","0","15755060","15755060","0.230534","results/formal_v8/controlled_baselines/openfhe_bgv_only_c20_d784_s2025_r002.json"
"openfhe_bgv_only_c20_d784_s2025_r003","openfhe_bgv_only","20","784","2025","3","PASS",,,"0","0","130.267","15755060","0","15755060","15755060","0.219735","results/formal_v8/controlled_baselines/openfhe_bgv_only_c20_d784_s2025_r003.json"
"openfhe_bgv_only_c20_d784_s2025_r004","openfhe_bgv_only","20","784","2025","4","PASS",,,"0","0","145.469","15755060","0","15755060","15755060","0.240083","results/formal_v8/controlled_baselines/openfhe_bgv_only_c20_d784_s2025_r004.json"
"openfhe_bgv_only_c20_d784_s2025_r005","openfhe_bgv_only","20","784","2025","5","PASS",,,"0","0","150.057","15755060","0","15755060","15755060","0.246057","results/formal_v8/controlled_baselines/openfhe_bgv_only_c20_d784_s2025_r005.json"
"openfhe_bgv_only_c20_d784_s2026_r001","openfhe_bgv_only","20","784","2026","1","PASS",,,"0","0","140.212","15755060","0","15755060","15755060","0.232532","results/formal_v8/controlled_baselines/openfhe_bgv_only_c20_d784_s2026_r001.json"
"openfhe_bgv_only_c20_d784_s2026_r002","openfhe_bgv_only","20","784","2026","2","PASS",,,"0","0","145.254","15755060","0","15755060","15755060","0.238234","results/formal_v8/controlled_baselines/openfhe_bgv_only_c20_d784_s2026_r002.json"
"openfhe_bgv_only_c20_d784_s2026_r003","openfhe_bgv_only","20","784","2026","3","PASS",,,"0","0","155.385","15755060","0","15755060","15755060","0.251806","results/formal_v8/controlled_baselines/openfhe_bgv_only_c20_d784_s2026_r003.json"
"openfhe_bgv_only_c20_d784_s2026_r004","openfhe_bgv_only","20","784","2026","4","PASS",,,"0","0","153.592","15755060","0","15755060","15755060","0.247479","results/formal_v8/controlled_baselines/openfhe_bgv_only_c20_d784_s2026_r004.json"
"openfhe_bgv_only_c20_d784_s2026_r005","openfhe_bgv_only","20","784","2026","5","PASS",,,"0","0","143.357","15755060","0","15755060","15755060","0.248941","results/formal_v8/controlled_baselines/openfhe_bgv_only_c20_d784_s2026_r005.json"
"openfhe_bgv_only_c30_d784_s2024_r001","openfhe_bgv_only","30","784","2024","1","PASS",,,"0","0","211.225","23632590","0","23632590","23632590","0.314138","results/formal_v8/controlled_baselines/openfhe_bgv_only_c30_d784_s2024_r001.json"
"openfhe_bgv_only_c30_d784_s2024_r002","openfhe_bgv_only","30","784","2024","2","PASS",,,"0","0","201.345","23632590","0","23632590","23632590","0.308386","results/formal_v8/controlled_baselines/openfhe_bgv_only_c30_d784_s2024_r002.json"
"openfhe_bgv_only_c30_d784_s2024_r003","openfhe_bgv_only","30","784","2024","3","PASS",,,"0","0","211.19","23632590","0","23632590","23632590","0.30702","results/formal_v8/controlled_baselines/openfhe_bgv_only_c30_d784_s2024_r003.json"
"openfhe_bgv_only_c30_d784_s2024_r004","openfhe_bgv_only","30","784","2024","4","PASS",,,"0","0","193.716","23632590","0","23632590","23632590","0.283774","results/formal_v8/controlled_baselines/openfhe_bgv_only_c30_d784_s2024_r004.json"
"openfhe_bgv_only_c30_d784_s2024_r005","openfhe_bgv_only","30","784","2024","5","PASS",,,"0","0","188.305","23632590","0","23632590","23632590","0.284517","results/formal_v8/controlled_baselines/openfhe_bgv_only_c30_d784_s2024_r005.json"
"openfhe_bgv_only_c30_d784_s2025_r001","openfhe_bgv_only","30","784","2025","1","PASS",,,"0","0","187.889","23632590","0","23632590","23632590","0.296057","results/formal_v8/controlled_baselines/openfhe_bgv_only_c30_d784_s2025_r001.json"
"openfhe_bgv_only_c30_d784_s2025_r002","openfhe_bgv_only","30","784","2025","2","PASS",,,"0","0","189.615","23632590","0","23632590","23632590","0.296328","results/formal_v8/controlled_baselines/openfhe_bgv_only_c30_d784_s2025_r002.json"
"openfhe_bgv_only_c30_d784_s2025_r003","openfhe_bgv_only","30","784","2025","3","PASS",,,"0","0","192.96","23632590","0","23632590","23632590","0.2919","results/formal_v8/controlled_baselines/openfhe_bgv_only_c30_d784_s2025_r003.json"
"openfhe_bgv_only_c30_d784_s2025_r004","openfhe_bgv_only","30","784","2025","4","PASS",,,"0","0","193.186","23632590","0","23632590","23632590","0.297529","results/formal_v8/controlled_baselines/openfhe_bgv_only_c30_d784_s2025_r004.json"
"openfhe_bgv_only_c30_d784_s2025_r005","openfhe_bgv_only","30","784","2025","5","PASS",,,"0","0","200.219","23632590","0","23632590","23632590","0.294748","results/formal_v8/controlled_baselines/openfhe_bgv_only_c30_d784_s2025_r005.json"
"openfhe_bgv_only_c30_d784_s2026_r001","openfhe_bgv_only","30","784","2026","1","PASS",,,"0","0","193.787","23632590","0","23632590","23632590","0.29591","results/formal_v8/controlled_baselines/openfhe_bgv_only_c30_d784_s2026_r001.json"
"openfhe_bgv_only_c30_d784_s2026_r002","openfhe_bgv_only","30","784","2026","2","PASS",,,"0","0","198.393","23632590","0","23632590","23632590","0.293112","results/formal_v8/controlled_baselines/openfhe_bgv_only_c30_d784_s2026_r002.json"
"openfhe_bgv_only_c30_d784_s2026_r003","openfhe_bgv_only","30","784","2026","3","PASS",,,"0","0","196.945","23632590","0","23632590","23632590","0.295365","results/formal_v8/controlled_baselines/openfhe_bgv_only_c30_d784_s2026_r003.json"
"openfhe_bgv_only_c30_d784_s2026_r004","openfhe_bgv_only","30","784","2026","4","PASS",,,"0","0","189.343","23632590","0","23632590","23632590","0.284026","results/formal_v8/controlled_baselines/openfhe_bgv_only_c30_d784_s2026_r004.json"
"openfhe_bgv_only_c30_d784_s2026_r005","openfhe_bgv_only","30","784","2026","5","PASS",,,"0","0","215.044","23632590","0","23632590","23632590","0.309933","results/formal_v8/controlled_baselines/openfhe_bgv_only_c30_d784_s2026_r005.json"
"openfhe_bgv_only_c40_d784_s2024_r001","openfhe_bgv_only","40","784","2024","1","PASS",,,"0","0","255.824","31510120","0","31510120","31510120","0.367693","results/formal_v8/controlled_baselines/openfhe_bgv_only_c40_d784_s2024_r001.json"
"openfhe_bgv_only_c40_d784_s2024_r002","openfhe_bgv_only","40","784","2024","2","PASS",,,"0","0","260.198","31510120","0","31510120","31510120","0.346567","results/formal_v8/controlled_baselines/openfhe_bgv_only_c40_d784_s2024_r002.json"
"openfhe_bgv_only_c40_d784_s2024_r003","openfhe_bgv_only","40","784","2024","3","PASS",,,"0","0","281.204","31510120","0","31510120","31510120","0.376103","results/formal_v8/controlled_baselines/openfhe_bgv_only_c40_d784_s2024_r003.json"
"openfhe_bgv_only_c40_d784_s2024_r004","openfhe_bgv_only","40","784","2024","4","PASS",,,"0","0","251.708","31510120","0","31510120","31510120","0.343575","results/formal_v8/controlled_baselines/openfhe_bgv_only_c40_d784_s2024_r004.json"
"openfhe_bgv_only_c40_d784_s2024_r005","openfhe_bgv_only","40","784","2024","5","PASS",,,"0","0","268.492","31510120","0","31510120","31510120","0.357406","results/formal_v8/controlled_baselines/openfhe_bgv_only_c40_d784_s2024_r005.json"
"openfhe_bgv_only_c40_d784_s2025_r001","openfhe_bgv_only","40","784","2025","1","PASS",,,"0","0","268.581","31510120","0","31510120","31510120","0.383047","results/formal_v8/controlled_baselines/openfhe_bgv_only_c40_d784_s2025_r001.json"
"openfhe_bgv_only_c40_d784_s2025_r002","openfhe_bgv_only","40","784","2025","2","PASS",,,"0","0","243.97","31510120","0","31510120","31510120","0.339594","results/formal_v8/controlled_baselines/openfhe_bgv_only_c40_d784_s2025_r002.json"
"openfhe_bgv_only_c40_d784_s2025_r003","openfhe_bgv_only","40","784","2025","3","PASS",,,"0","0","263.458","31510120","0","31510120","31510120","0.354923","results/formal_v8/controlled_baselines/openfhe_bgv_only_c40_d784_s2025_r003.json"
"openfhe_bgv_only_c40_d784_s2025_r004","openfhe_bgv_only","40","784","2025","4","PASS",,,"0","0","241.304","31510120","0","31510120","31510120","0.332226","results/formal_v8/controlled_baselines/openfhe_bgv_only_c40_d784_s2025_r004.json"
"openfhe_bgv_only_c40_d784_s2025_r005","openfhe_bgv_only","40","784","2025","5","PASS",,,"0","0","244.659","31510120","0","31510120","31510120","0.34971","results/formal_v8/controlled_baselines/openfhe_bgv_only_c40_d784_s2025_r005.json"
"openfhe_bgv_only_c40_d784_s2026_r001","openfhe_bgv_only","40","784","2026","1","PASS",,,"0","0","235.309","31510120","0","31510120","31510120","0.32961","results/formal_v8/controlled_baselines/openfhe_bgv_only_c40_d784_s2026_r001.json"
"openfhe_bgv_only_c40_d784_s2026_r002","openfhe_bgv_only","40","784","2026","2","PASS",,,"0","0","242.994","31510120","0","31510120","31510120","0.33395","results/formal_v8/controlled_baselines/openfhe_bgv_only_c40_d784_s2026_r002.json"
"openfhe_bgv_only_c40_d784_s2026_r003","openfhe_bgv_only","40","784","2026","3","PASS",,,"0","0","251.758","31510120","0","31510120","31510120","0.347682","results/formal_v8/controlled_baselines/openfhe_bgv_only_c40_d784_s2026_r003.json"
"openfhe_bgv_only_c40_d784_s2026_r004","openfhe_bgv_only","40","784","2026","4","PASS",,,"0","0","269.219","31510120","0","31510120","31510120","0.356109","results/formal_v8/controlled_baselines/openfhe_bgv_only_c40_d784_s2026_r004.json"
"openfhe_bgv_only_c40_d784_s2026_r005","openfhe_bgv_only","40","784","2026","5","PASS",,,"0","0","262.124","31510120","0","31510120","31510120","0.359166","results/formal_v8/controlled_baselines/openfhe_bgv_only_c40_d784_s2026_r005.json"
"openfhe_bgv_only_c50_d784_s2024_r001","openfhe_bgv_only","50","784","2024","1","PASS",,,"0","0","342.618","39387650","0","39387650","39387650","0.455762","results/formal_v8/controlled_baselines/openfhe_bgv_only_c50_d784_s2024_r001.json"
"openfhe_bgv_only_c50_d784_s2024_r002","openfhe_bgv_only","50","784","2024","2","PASS",,,"0","0","317","39387650","0","39387650","39387650","0.409544","results/formal_v8/controlled_baselines/openfhe_bgv_only_c50_d784_s2024_r002.json"
"openfhe_bgv_only_c50_d784_s2024_r003","openfhe_bgv_only","50","784","2024","3","PASS",,,"0","0","312.74","39387650","0","39387650","39387650","0.408546","results/formal_v8/controlled_baselines/openfhe_bgv_only_c50_d784_s2024_r003.json"
"openfhe_bgv_only_c50_d784_s2024_r004","openfhe_bgv_only","50","784","2024","4","PASS",,,"0","0","316.612","39387650","0","39387650","39387650","0.416817","results/formal_v8/controlled_baselines/openfhe_bgv_only_c50_d784_s2024_r004.json"
"openfhe_bgv_only_c50_d784_s2024_r005","openfhe_bgv_only","50","784","2024","5","PASS",,,"0","0","334.973","39387650","0","39387650","39387650","0.42779","results/formal_v8/controlled_baselines/openfhe_bgv_only_c50_d784_s2024_r005.json"
"openfhe_bgv_only_c50_d784_s2025_r001","openfhe_bgv_only","50","784","2025","1","PASS",,,"0","0","312.461","39387650","0","39387650","39387650","0.421517","results/formal_v8/controlled_baselines/openfhe_bgv_only_c50_d784_s2025_r001.json"
"openfhe_bgv_only_c50_d784_s2025_r002","openfhe_bgv_only","50","784","2025","2","PASS",,,"0","0","304.864","39387650","0","39387650","39387650","0.39453","results/formal_v8/controlled_baselines/openfhe_bgv_only_c50_d784_s2025_r002.json"
"openfhe_bgv_only_c50_d784_s2025_r003","openfhe_bgv_only","50","784","2025","3","PASS",,,"0","0","289.407","39387650","0","39387650","39387650","0.38004","results/formal_v8/controlled_baselines/openfhe_bgv_only_c50_d784_s2025_r003.json"
"openfhe_bgv_only_c50_d784_s2025_r004","openfhe_bgv_only","50","784","2025","4","PASS",,,"0","0","307.199","39387650","0","39387650","39387650","0.396476","results/formal_v8/controlled_baselines/openfhe_bgv_only_c50_d784_s2025_r004.json"
"openfhe_bgv_only_c50_d784_s2025_r005","openfhe_bgv_only","50","784","2025","5","PASS",,,"0","0","296.724","39387650","0","39387650","39387650","0.396726","results/formal_v8/controlled_baselines/openfhe_bgv_only_c50_d784_s2025_r005.json"
"openfhe_bgv_only_c50_d784_s2026_r001","openfhe_bgv_only","50","784","2026","1","PASS",,,"0","0","315.321","39387650","0","39387650","39387650","0.401822","results/formal_v8/controlled_baselines/openfhe_bgv_only_c50_d784_s2026_r001.json"
"openfhe_bgv_only_c50_d784_s2026_r002","openfhe_bgv_only","50","784","2026","2","PASS",,,"0","0","304.953","39387650","0","39387650","39387650","0.392571","results/formal_v8/controlled_baselines/openfhe_bgv_only_c50_d784_s2026_r002.json"
"openfhe_bgv_only_c50_d784_s2026_r003","openfhe_bgv_only","50","784","2026","3","PASS",,,"0","0","341.418","39387650","0","39387650","39387650","0.441775","results/formal_v8/controlled_baselines/openfhe_bgv_only_c50_d784_s2026_r003.json"
"openfhe_bgv_only_c50_d784_s2026_r004","openfhe_bgv_only","50","784","2026","4","PASS",,,"0","0","309","39387650","0","39387650","39387650","0.401465","results/formal_v8/controlled_baselines/openfhe_bgv_only_c50_d784_s2026_r004.json"
"openfhe_bgv_only_c50_d784_s2026_r005","openfhe_bgv_only","50","784","2026","5","PASS",,,"0","0","330.941","39387650","0","39387650","39387650","0.432555","results/formal_v8/controlled_baselines/openfhe_bgv_only_c50_d784_s2026_r005.json"
"four_path_sum_only_c10_d784_s2024_r001","four_path_sum_only","10","784","2024","1","PASS","0","0","0","0","103.953","10487360","1048736","11536096","1048736","0.213812","results/formal_v8/controlled_baselines/four_path_sum_only_c10_d784_s2024_r001.json"
"four_path_sum_only_c10_d784_s2024_r002","four_path_sum_only","10","784","2024","2","PASS","0","0","0","0","93.1636","10487360","1048736","11536096","1048736","0.190932","results/formal_v8/controlled_baselines/four_path_sum_only_c10_d784_s2024_r002.json"
"four_path_sum_only_c10_d784_s2024_r003","four_path_sum_only","10","784","2024","3","PASS","0","0","0","0","88.8799","10487360","1048736","11536096","1048736","0.176485","results/formal_v8/controlled_baselines/four_path_sum_only_c10_d784_s2024_r003.json"
"four_path_sum_only_c10_d784_s2024_r004","four_path_sum_only","10","784","2024","4","PASS","0","0","0","0","101.187","10487360","1048736","11536096","1048736","0.191573","results/formal_v8/controlled_baselines/four_path_sum_only_c10_d784_s2024_r004.json"
"four_path_sum_only_c10_d784_s2024_r005","four_path_sum_only","10","784","2024","5","PASS","0","0","0","0","91.9366","10487360","1048736","11536096","1048736","0.186977","results/formal_v8/controlled_baselines/four_path_sum_only_c10_d784_s2024_r005.json"
"four_path_sum_only_c10_d784_s2025_r001","four_path_sum_only","10","784","2025","1","PASS","0","0","0","0","101.609","10487360","1048736","11536096","1048736","0.193105","results/formal_v8/controlled_baselines/four_path_sum_only_c10_d784_s2025_r001.json"
"four_path_sum_only_c10_d784_s2025_r002","four_path_sum_only","10","784","2025","2","PASS","0","0","0","0","98.5594","10487360","1048736","11536096","1048736","0.187949","results/formal_v8/controlled_baselines/four_path_sum_only_c10_d784_s2025_r002.json"
"four_path_sum_only_c10_d784_s2025_r003","four_path_sum_only","10","784","2025","3","PASS","0","0","0","0","98.8742","10487360","1048736","11536096","1048736","0.188964","results/formal_v8/controlled_baselines/four_path_sum_only_c10_d784_s2025_r003.json"
"four_path_sum_only_c10_d784_s2025_r004","four_path_sum_only","10","784","2025","4","PASS","0","0","0","0","100.123","10487360","1048736","11536096","1048736","0.189581","results/formal_v8/controlled_baselines/four_path_sum_only_c10_d784_s2025_r004.json"
"four_path_sum_only_c10_d784_s2025_r005","four_path_sum_only","10","784","2025","5","PASS","0","0","0","0","107.575","10487360","1048736","11536096","1048736","0.201521","results/formal_v8/controlled_baselines/four_path_sum_only_c10_d784_s2025_r005.json"
"four_path_sum_only_c10_d784_s2026_r001","four_path_sum_only","10","784","2026","1","PASS","0","0","0","0","97.2435","10487360","1048736","11536096","1048736","0.192762","results/formal_v8/controlled_baselines/four_path_sum_only_c10_d784_s2026_r001.json"
"four_path_sum_only_c10_d784_s2026_r002","four_path_sum_only","10","784","2026","2","PASS","0","0","0","0","99.9251","10487360","1048736","11536096","1048736","0.225554","results/formal_v8/controlled_baselines/four_path_sum_only_c10_d784_s2026_r002.json"
"four_path_sum_only_c10_d784_s2026_r003","four_path_sum_only","10","784","2026","3","PASS","0","0","0","0","90.8811","10487360","1048736","11536096","1048736","0.186448","results/formal_v8/controlled_baselines/four_path_sum_only_c10_d784_s2026_r003.json"
"four_path_sum_only_c10_d784_s2026_r004","four_path_sum_only","10","784","2026","4","PASS","0","0","0","0","100.803","10487360","1048736","11536096","1048736","0.191377","results/formal_v8/controlled_baselines/four_path_sum_only_c10_d784_s2026_r004.json"
"four_path_sum_only_c10_d784_s2026_r005","four_path_sum_only","10","784","2026","5","PASS","0","0","0","0","94.0437","10487360","1048736","11536096","1048736","0.183062","results/formal_v8/controlled_baselines/four_path_sum_only_c10_d784_s2026_r005.json"
"four_path_sum_only_c20_d784_s2024_r001","four_path_sum_only","20","784","2024","1","PASS","0","0","0","0","175.763","20974720","1048736","22023456","1048736","0.280677","results/formal_v8/controlled_baselines/four_path_sum_only_c20_d784_s2024_r001.json"
"four_path_sum_only_c20_d784_s2024_r002","four_path_sum_only","20","784","2024","2","PASS","0","0","0","0","177.947","20974720","1048736","22023456","1048736","0.330325","results/formal_v8/controlled_baselines/four_path_sum_only_c20_d784_s2024_r002.json"
"four_path_sum_only_c20_d784_s2024_r003","four_path_sum_only","20","784","2024","3","PASS","0","0","0","0","167.754","20974720","1048736","22023456","1048736","0.262896","results/formal_v8/controlled_baselines/four_path_sum_only_c20_d784_s2024_r003.json"
"four_path_sum_only_c20_d784_s2024_r004","four_path_sum_only","20","784","2024","4","PASS","0","0","0","0","181.165","20974720","1048736","22023456","1048736","0.272506","results/formal_v8/controlled_baselines/four_path_sum_only_c20_d784_s2024_r004.json"
"four_path_sum_only_c20_d784_s2024_r005","four_path_sum_only","20","784","2024","5","PASS","0","0","0","0","176.223","20974720","1048736","22023456","1048736","0.267682","results/formal_v8/controlled_baselines/four_path_sum_only_c20_d784_s2024_r005.json"
"four_path_sum_only_c20_d784_s2025_r001","four_path_sum_only","20","784","2025","1","PASS","0","0","0","0","175.824","20974720","1048736","22023456","1048736","0.279771","results/formal_v8/controlled_baselines/four_path_sum_only_c20_d784_s2025_r001.json"
"four_path_sum_only_c20_d784_s2025_r002","four_path_sum_only","20","784","2025","2","PASS","0","0","0","0","195.841","20974720","1048736","22023456","1048736","0.301773","results/formal_v8/controlled_baselines/four_path_sum_only_c20_d784_s2025_r002.json"
"four_path_sum_only_c20_d784_s2025_r003","four_path_sum_only","20","784","2025","3","PASS","0","0","0","0","177.951","20974720","1048736","22023456","1048736","0.267336","results/formal_v8/controlled_baselines/four_path_sum_only_c20_d784_s2025_r003.json"
"four_path_sum_only_c20_d784_s2025_r004","four_path_sum_only","20","784","2025","4","PASS","0","0","0","0","194.584","20974720","1048736","22023456","1048736","0.297396","results/formal_v8/controlled_baselines/four_path_sum_only_c20_d784_s2025_r004.json"
"four_path_sum_only_c20_d784_s2025_r005","four_path_sum_only","20","784","2025","5","PASS","0","0","0","0","206.116","20974720","1048736","22023456","1048736","0.306858","results/formal_v8/controlled_baselines/four_path_sum_only_c20_d784_s2025_r005.json"
"four_path_sum_only_c20_d784_s2026_r001","four_path_sum_only","20","784","2026","1","PASS","0","0","0","0","191.436","20974720","1048736","22023456","1048736","0.310502","results/formal_v8/controlled_baselines/four_path_sum_only_c20_d784_s2026_r001.json"
"four_path_sum_only_c20_d784_s2026_r002","four_path_sum_only","20","784","2026","2","PASS","0","0","0","0","168.474","20974720","1048736","22023456","1048736","0.25584","results/formal_v8/controlled_baselines/four_path_sum_only_c20_d784_s2026_r002.json"
"four_path_sum_only_c20_d784_s2026_r003","four_path_sum_only","20","784","2026","3","PASS","0","0","0","0","181.348","20974720","1048736","22023456","1048736","0.270184","results/formal_v8/controlled_baselines/four_path_sum_only_c20_d784_s2026_r003.json"
"four_path_sum_only_c20_d784_s2026_r004","four_path_sum_only","20","784","2026","4","PASS","0","0","0","0","170.986","20974720","1048736","22023456","1048736","0.268005","results/formal_v8/controlled_baselines/four_path_sum_only_c20_d784_s2026_r004.json"
"four_path_sum_only_c20_d784_s2026_r005","four_path_sum_only","20","784","2026","5","PASS","0","0","0","0","175.722","20974720","1048736","22023456","1048736","0.292388","results/formal_v8/controlled_baselines/four_path_sum_only_c20_d784_s2026_r005.json"
"four_path_sum_only_c30_d784_s2024_r001","four_path_sum_only","30","784","2024","1","PASS","0","0","0","0","263.891","31462080","1048736","32510816","1048736","0.373331","results/formal_v8/controlled_baselines/four_path_sum_only_c30_d784_s2024_r001.json"
"four_path_sum_only_c30_d784_s2024_r002","four_path_sum_only","30","784","2024","2","PASS","0","0","0","0","255.021","31462080","1048736","32510816","1048736","0.348693","results/formal_v8/controlled_baselines/four_path_sum_only_c30_d784_s2024_r002.json"
"four_path_sum_only_c30_d784_s2024_r003","four_path_sum_only","30","784","2024","3","PASS","0","0","0","0","262.628","31462080","1048736","32510816","1048736","0.360349","results/formal_v8/controlled_baselines/four_path_sum_only_c30_d784_s2024_r003.json"
"four_path_sum_only_c30_d784_s2024_r004","four_path_sum_only","30","784","2024","4","PASS","0","0","0","0","244.755","31462080","1048736","32510816","1048736","0.336626","results/formal_v8/controlled_baselines/four_path_sum_only_c30_d784_s2024_r004.json"
"four_path_sum_only_c30_d784_s2024_r005","four_path_sum_only","30","784","2024","5","PASS","0","0","0","0","247.367","31462080","1048736","32510816","1048736","0.334862","results/formal_v8/controlled_baselines/four_path_sum_only_c30_d784_s2024_r005.json"
"four_path_sum_only_c30_d784_s2025_r001","four_path_sum_only","30","784","2025","1","PASS","0","0","0","0","260.625","31462080","1048736","32510816","1048736","0.365625","results/formal_v8/controlled_baselines/four_path_sum_only_c30_d784_s2025_r001.json"
"four_path_sum_only_c30_d784_s2025_r002","four_path_sum_only","30","784","2025","2","PASS","0","0","0","0","255.384","31462080","1048736","32510816","1048736","0.359465","results/formal_v8/controlled_baselines/four_path_sum_only_c30_d784_s2025_r002.json"
"four_path_sum_only_c30_d784_s2025_r003","four_path_sum_only","30","784","2025","3","PASS","0","0","0","0","277.798","31462080","1048736","32510816","1048736","0.373231","results/formal_v8/controlled_baselines/four_path_sum_only_c30_d784_s2025_r003.json"
"four_path_sum_only_c30_d784_s2025_r004","four_path_sum_only","30","784","2025","4","PASS","0","0","0","0","270.778","31462080","1048736","32510816","1048736","0.382837","results/formal_v8/controlled_baselines/four_path_sum_only_c30_d784_s2025_r004.json"
"four_path_sum_only_c30_d784_s2025_r005","four_path_sum_only","30","784","2025","5","PASS","0","0","0","0","285.912","31462080","1048736","32510816","1048736","0.389611","results/formal_v8/controlled_baselines/four_path_sum_only_c30_d784_s2025_r005.json"
"four_path_sum_only_c30_d784_s2026_r001","four_path_sum_only","30","784","2026","1","PASS","0","0","0","0","281.221","31462080","1048736","32510816","1048736","0.399507","results/formal_v8/controlled_baselines/four_path_sum_only_c30_d784_s2026_r001.json"
"four_path_sum_only_c30_d784_s2026_r002","four_path_sum_only","30","784","2026","2","PASS","0","0","0","0","267.451","31462080","1048736","32510816","1048736","0.365257","results/formal_v8/controlled_baselines/four_path_sum_only_c30_d784_s2026_r002.json"
"four_path_sum_only_c30_d784_s2026_r003","four_path_sum_only","30","784","2026","3","PASS","0","0","0","0","321.805","31462080","1048736","32510816","1048736","0.430155","results/formal_v8/controlled_baselines/four_path_sum_only_c30_d784_s2026_r003.json"
"four_path_sum_only_c30_d784_s2026_r004","four_path_sum_only","30","784","2026","4","PASS","0","0","0","0","276.948","31462080","1048736","32510816","1048736","0.403426","results/formal_v8/controlled_baselines/four_path_sum_only_c30_d784_s2026_r004.json"
"four_path_sum_only_c30_d784_s2026_r005","four_path_sum_only","30","784","2026","5","PASS","0","0","0","0","266.712","31462080","1048736","32510816","1048736","0.366837","results/formal_v8/controlled_baselines/four_path_sum_only_c30_d784_s2026_r005.json"
"four_path_sum_only_c40_d784_s2024_r001","four_path_sum_only","40","784","2024","1","PASS","0","0","0","0","404.802","41949440","1048736","42998176","1048736","0.507853","results/formal_v8/controlled_baselines/four_path_sum_only_c40_d784_s2024_r001.json"
"four_path_sum_only_c40_d784_s2024_r002","four_path_sum_only","40","784","2024","2","PASS","0","0","0","0","351.189","41949440","1048736","42998176","1048736","0.453782","results/formal_v8/controlled_baselines/four_path_sum_only_c40_d784_s2024_r002.json"
"four_path_sum_only_c40_d784_s2024_r003","four_path_sum_only","40","784","2024","3","PASS","0","0","0","0","348.18","41949440","1048736","42998176","1048736","0.440651","results/formal_v8/controlled_baselines/four_path_sum_only_c40_d784_s2024_r003.json"
"four_path_sum_only_c40_d784_s2024_r004","four_path_sum_only","40","784","2024","4","PASS","0","0","0","0","333.068","41949440","1048736","42998176","1048736","0.429952","results/formal_v8/controlled_baselines/four_path_sum_only_c40_d784_s2024_r004.json"
"four_path_sum_only_c40_d784_s2024_r005","four_path_sum_only","40","784","2024","5","PASS","0","0","0","0","333.34","41949440","1048736","42998176","1048736","0.436603","results/formal_v8/controlled_baselines/four_path_sum_only_c40_d784_s2024_r005.json"
"four_path_sum_only_c40_d784_s2025_r001","four_path_sum_only","40","784","2025","1","PASS","0","0","0","0","342.684","41949440","1048736","42998176","1048736","0.446227","results/formal_v8/controlled_baselines/four_path_sum_only_c40_d784_s2025_r001.json"
"four_path_sum_only_c40_d784_s2025_r002","four_path_sum_only","40","784","2025","2","PASS","0","0","0","0","344.751","41949440","1048736","42998176","1048736","0.467939","results/formal_v8/controlled_baselines/four_path_sum_only_c40_d784_s2025_r002.json"
"four_path_sum_only_c40_d784_s2025_r003","four_path_sum_only","40","784","2025","3","PASS","0","0","0","0","337.868","41949440","1048736","42998176","1048736","0.449571","results/formal_v8/controlled_baselines/four_path_sum_only_c40_d784_s2025_r003.json"
"four_path_sum_only_c40_d784_s2025_r004","four_path_sum_only","40","784","2025","4","PASS","0","0","0","0","348.374","41949440","1048736","42998176","1048736","0.455591","results/formal_v8/controlled_baselines/four_path_sum_only_c40_d784_s2025_r004.json"
"four_path_sum_only_c40_d784_s2025_r005","four_path_sum_only","40","784","2025","5","PASS","0","0","0","0","336.395","41949440","1048736","42998176","1048736","0.456077","results/formal_v8/controlled_baselines/four_path_sum_only_c40_d784_s2025_r005.json"
"four_path_sum_only_c40_d784_s2026_r001","four_path_sum_only","40","784","2026","1","PASS","0","0","0","0","354.729","41949440","1048736","42998176","1048736","0.446171","results/formal_v8/controlled_baselines/four_path_sum_only_c40_d784_s2026_r001.json"
"four_path_sum_only_c40_d784_s2026_r002","four_path_sum_only","40","784","2026","2","PASS","0","0","0","0","333.822","41949440","1048736","42998176","1048736","0.429208","results/formal_v8/controlled_baselines/four_path_sum_only_c40_d784_s2026_r002.json"
"four_path_sum_only_c40_d784_s2026_r003","four_path_sum_only","40","784","2026","3","PASS","0","0","0","0","346.874","41949440","1048736","42998176","1048736","0.437977","results/formal_v8/controlled_baselines/four_path_sum_only_c40_d784_s2026_r003.json"
"four_path_sum_only_c40_d784_s2026_r004","four_path_sum_only","40","784","2026","4","PASS","0","0","0","0","337.984","41949440","1048736","42998176","1048736","0.430154","results/formal_v8/controlled_baselines/four_path_sum_only_c40_d784_s2026_r004.json"
"four_path_sum_only_c40_d784_s2026_r005","four_path_sum_only","40","784","2026","5","PASS","0","0","0","0","334.261","41949440","1048736","42998176","1048736","0.427792","results/formal_v8/controlled_baselines/four_path_sum_only_c40_d784_s2026_r005.json"
"four_path_sum_only_c50_d784_s2024_r001","four_path_sum_only","50","784","2024","1","PASS","0","0","0","0","437.721","52436800","1048736","53485536","1048736","0.544165","results/formal_v8/controlled_baselines/four_path_sum_only_c50_d784_s2024_r001.json"
"four_path_sum_only_c50_d784_s2024_r002","four_path_sum_only","50","784","2024","2","PASS","0","0","0","0","397.007","52436800","1048736","53485536","1048736","0.490746","results/formal_v8/controlled_baselines/four_path_sum_only_c50_d784_s2024_r002.json"
"four_path_sum_only_c50_d784_s2024_r003","four_path_sum_only","50","784","2024","3","PASS","0","0","0","0","415.542","52436800","1048736","53485536","1048736","0.508791","results/formal_v8/controlled_baselines/four_path_sum_only_c50_d784_s2024_r003.json"
"four_path_sum_only_c50_d784_s2024_r004","four_path_sum_only","50","784","2024","4","PASS","0","0","0","0","421.567","52436800","1048736","53485536","1048736","0.518633","results/formal_v8/controlled_baselines/four_path_sum_only_c50_d784_s2024_r004.json"
"four_path_sum_only_c50_d784_s2024_r005","four_path_sum_only","50","784","2024","5","PASS","0","0","0","0","402.431","52436800","1048736","53485536","1048736","0.491802","results/formal_v8/controlled_baselines/four_path_sum_only_c50_d784_s2024_r005.json"
"four_path_sum_only_c50_d784_s2025_r001","four_path_sum_only","50","784","2025","1","PASS","0","0","0","0","417.403","52436800","1048736","53485536","1048736","0.516972","results/formal_v8/controlled_baselines/four_path_sum_only_c50_d784_s2025_r001.json"
"four_path_sum_only_c50_d784_s2025_r002","four_path_sum_only","50","784","2025","2","PASS","0","0","0","0","398.546","52436800","1048736","53485536","1048736","0.48492","results/formal_v8/controlled_baselines/four_path_sum_only_c50_d784_s2025_r002.json"
"four_path_sum_only_c50_d784_s2025_r003","four_path_sum_only","50","784","2025","3","PASS","0","0","0","0","413.837","52436800","1048736","53485536","1048736","0.511772","results/formal_v8/controlled_baselines/four_path_sum_only_c50_d784_s2025_r003.json"
"four_path_sum_only_c50_d784_s2025_r004","four_path_sum_only","50","784","2025","4","PASS","0","0","0","0","404.218","52436800","1048736","53485536","1048736","0.501157","results/formal_v8/controlled_baselines/four_path_sum_only_c50_d784_s2025_r004.json"
"four_path_sum_only_c50_d784_s2025_r005","four_path_sum_only","50","784","2025","5","PASS","0","0","0","0","403.889","52436800","1048736","53485536","1048736","0.496224","results/formal_v8/controlled_baselines/four_path_sum_only_c50_d784_s2025_r005.json"
"four_path_sum_only_c50_d784_s2026_r001","four_path_sum_only","50","784","2026","1","PASS","0","0","0","0","449.724","52436800","1048736","53485536","1048736","0.548012","results/formal_v8/controlled_baselines/four_path_sum_only_c50_d784_s2026_r001.json"
"four_path_sum_only_c50_d784_s2026_r002","four_path_sum_only","50","784","2026","2","PASS","0","0","0","0","427.855","52436800","1048736","53485536","1048736","0.527161","results/formal_v8/controlled_baselines/four_path_sum_only_c50_d784_s2026_r002.json"
"four_path_sum_only_c50_d784_s2026_r003","four_path_sum_only","50","784","2026","3","PASS","0","0","0","0","419.741","52436800","1048736","53485536","1048736","0.525266","results/formal_v8/controlled_baselines/four_path_sum_only_c50_d784_s2026_r003.json"
"four_path_sum_only_c50_d784_s2026_r004","four_path_sum_only","50","784","2026","4","PASS","0","0","0","0","427.661","52436800","1048736","53485536","1048736","0.523168","results/formal_v8/controlled_baselines/four_path_sum_only_c50_d784_s2026_r004.json"
"four_path_sum_only_c50_d784_s2026_r005","four_path_sum_only","50","784","2026","5","PASS","0","0","0","0","406.286","52436800","1048736","53485536","1048736","0.509288","results/formal_v8/controlled_baselines/four_path_sum_only_c50_d784_s2026_r005.json"
"shuffle_only_c10_d784_s2024_r001","shuffle_only","10","784","2024","1","PASS","0","0","0","0","305.93","10487360","23072192","33559552","23072192","0.40609","results/formal_v8/controlled_baselines/shuffle_only_c10_d784_s2024_r001.json"
"shuffle_only_c10_d784_s2024_r002","shuffle_only","10","784","2024","2","PASS","0","0","0","0","306.269","10487360","23072192","33559552","23072192","0.399512","results/formal_v8/controlled_baselines/shuffle_only_c10_d784_s2024_r002.json"
"shuffle_only_c10_d784_s2024_r003","shuffle_only","10","784","2024","3","PASS","0","0","0","0","314.71","10487360","23072192","33559552","23072192","0.411037","results/formal_v8/controlled_baselines/shuffle_only_c10_d784_s2024_r003.json"
"shuffle_only_c10_d784_s2024_r004","shuffle_only","10","784","2024","4","PASS","0","0","0","0","303.772","10487360","23072192","33559552","23072192","0.400011","results/formal_v8/controlled_baselines/shuffle_only_c10_d784_s2024_r004.json"
"shuffle_only_c10_d784_s2024_r005","shuffle_only","10","784","2024","5","PASS","0","0","0","0","304.487","10487360","23072192","33559552","23072192","0.393285","results/formal_v8/controlled_baselines/shuffle_only_c10_d784_s2024_r005.json"
"shuffle_only_c10_d784_s2025_r001","shuffle_only","10","784","2025","1","PASS","0","0","0","0","298.247","10487360","23072192","33559552","23072192","0.394172","results/formal_v8/controlled_baselines/shuffle_only_c10_d784_s2025_r001.json"
"shuffle_only_c10_d784_s2025_r002","shuffle_only","10","784","2025","2","PASS","0","0","0","0","318.003","10487360","23072192","33559552","23072192","0.411033","results/formal_v8/controlled_baselines/shuffle_only_c10_d784_s2025_r002.json"
"shuffle_only_c10_d784_s2025_r003","shuffle_only","10","784","2025","3","PASS","0","0","0","0","325.06","10487360","23072192","33559552","23072192","0.418345","results/formal_v8/controlled_baselines/shuffle_only_c10_d784_s2025_r003.json"
"shuffle_only_c10_d784_s2025_r004","shuffle_only","10","784","2025","4","PASS","0","0","0","0","320.158","10487360","23072192","33559552","23072192","0.417131","results/formal_v8/controlled_baselines/shuffle_only_c10_d784_s2025_r004.json"
"shuffle_only_c10_d784_s2025_r005","shuffle_only","10","784","2025","5","PASS","0","0","0","0","310.648","10487360","23072192","33559552","23072192","0.406624","results/formal_v8/controlled_baselines/shuffle_only_c10_d784_s2025_r005.json"
"shuffle_only_c10_d784_s2026_r001","shuffle_only","10","784","2026","1","PASS","0","0","0","0","306.186","10487360","23072192","33559552","23072192","0.401906","results/formal_v8/controlled_baselines/shuffle_only_c10_d784_s2026_r001.json"
"shuffle_only_c10_d784_s2026_r002","shuffle_only","10","784","2026","2","PASS","0","0","0","0","307.678","10487360","23072192","33559552","23072192","0.398352","results/formal_v8/controlled_baselines/shuffle_only_c10_d784_s2026_r002.json"
"shuffle_only_c10_d784_s2026_r003","shuffle_only","10","784","2026","3","PASS","0","0","0","0","302.144","10487360","23072192","33559552","23072192","0.389547","results/formal_v8/controlled_baselines/shuffle_only_c10_d784_s2026_r003.json"
"shuffle_only_c10_d784_s2026_r004","shuffle_only","10","784","2026","4","PASS","0","0","0","0","320.951","10487360","23072192","33559552","23072192","0.407896","results/formal_v8/controlled_baselines/shuffle_only_c10_d784_s2026_r004.json"
"shuffle_only_c10_d784_s2026_r005","shuffle_only","10","784","2026","5","PASS","0","0","0","0","302.964","10487360","23072192","33559552","23072192","0.393512","results/formal_v8/controlled_baselines/shuffle_only_c10_d784_s2026_r005.json"
"shuffle_only_c20_d784_s2024_r001","shuffle_only","20","784","2024","1","PASS","0","0","0","0","606.926","20974720","44046912","65021632","44046912","0.699605","results/formal_v8/controlled_baselines/shuffle_only_c20_d784_s2024_r001.json"
"shuffle_only_c20_d784_s2024_r002","shuffle_only","20","784","2024","2","PASS","0","0","0","0","576.602","20974720","44046912","65021632","44046912","0.66741","results/formal_v8/controlled_baselines/shuffle_only_c20_d784_s2024_r002.json"
"shuffle_only_c20_d784_s2024_r003","shuffle_only","20","784","2024","3","PASS","0","0","0","0","595.934","20974720","44046912","65021632","44046912","0.689755","results/formal_v8/controlled_baselines/shuffle_only_c20_d784_s2024_r003.json"
"shuffle_only_c20_d784_s2024_r004","shuffle_only","20","784","2024","4","PASS","0","0","0","0","622.996","20974720","44046912","65021632","44046912","0.736213","results/formal_v8/controlled_baselines/shuffle_only_c20_d784_s2024_r004.json"
"shuffle_only_c20_d784_s2024_r005","shuffle_only","20","784","2024","5","PASS","0","0","0","0","583.518","20974720","44046912","65021632","44046912","0.677644","results/formal_v8/controlled_baselines/shuffle_only_c20_d784_s2024_r005.json"
"shuffle_only_c20_d784_s2025_r001","shuffle_only","20","784","2025","1","PASS","0","0","0","0","580.844","20974720","44046912","65021632","44046912","0.678189","results/formal_v8/controlled_baselines/shuffle_only_c20_d784_s2025_r001.json"
"shuffle_only_c20_d784_s2025_r002","shuffle_only","20","784","2025","2","PASS","0","0","0","0","587.477","20974720","44046912","65021632","44046912","0.679878","results/formal_v8/controlled_baselines/shuffle_only_c20_d784_s2025_r002.json"
"shuffle_only_c20_d784_s2025_r003","shuffle_only","20","784","2025","3","PASS","0","0","0","0","581.129","20974720","44046912","65021632","44046912","0.67098","results/formal_v8/controlled_baselines/shuffle_only_c20_d784_s2025_r003.json"
"shuffle_only_c20_d784_s2025_r004","shuffle_only","20","784","2025","4","PASS","0","0","0","0","615.592","20974720","44046912","65021632","44046912","0.705379","results/formal_v8/controlled_baselines/shuffle_only_c20_d784_s2025_r004.json"
"shuffle_only_c20_d784_s2025_r005","shuffle_only","20","784","2025","5","PASS","0","0","0","0","601.864","20974720","44046912","65021632","44046912","0.695005","results/formal_v8/controlled_baselines/shuffle_only_c20_d784_s2025_r005.json"
"shuffle_only_c20_d784_s2026_r001","shuffle_only","20","784","2026","1","PASS","0","0","0","0","600.854","20974720","44046912","65021632","44046912","0.705474","results/formal_v8/controlled_baselines/shuffle_only_c20_d784_s2026_r001.json"
"shuffle_only_c20_d784_s2026_r002","shuffle_only","20","784","2026","2","PASS","0","0","0","0","615.091","20974720","44046912","65021632","44046912","0.714691","results/formal_v8/controlled_baselines/shuffle_only_c20_d784_s2026_r002.json"
"shuffle_only_c20_d784_s2026_r003","shuffle_only","20","784","2026","3","PASS","0","0","0","0","652.741","20974720","44046912","65021632","44046912","0.74467","results/formal_v8/controlled_baselines/shuffle_only_c20_d784_s2026_r003.json"
"shuffle_only_c20_d784_s2026_r004","shuffle_only","20","784","2026","4","PASS","0","0","0","0","599.006","20974720","44046912","65021632","44046912","0.701197","results/formal_v8/controlled_baselines/shuffle_only_c20_d784_s2026_r004.json"
"shuffle_only_c20_d784_s2026_r005","shuffle_only","20","784","2026","5","PASS","0","0","0","0","602.158","20974720","44046912","65021632","44046912","0.692254","results/formal_v8/controlled_baselines/shuffle_only_c20_d784_s2026_r005.json"
"shuffle_only_c30_d784_s2024_r001","shuffle_only","30","784","2024","1","PASS","0","0","0","0","908.347","31462080","65021632","96483712","65021632","1.033866","results/formal_v8/controlled_baselines/shuffle_only_c30_d784_s2024_r001.json"
"shuffle_only_c30_d784_s2024_r002","shuffle_only","30","784","2024","2","PASS","0","0","0","0","881.201","31462080","65021632","96483712","65021632","0.973706","results/formal_v8/controlled_baselines/shuffle_only_c30_d784_s2024_r002.json"
"shuffle_only_c30_d784_s2024_r003","shuffle_only","30","784","2024","3","PASS","0","0","0","0","885.132","31462080","65021632","96483712","65021632","0.974507","results/formal_v8/controlled_baselines/shuffle_only_c30_d784_s2024_r003.json"
"shuffle_only_c30_d784_s2024_r004","shuffle_only","30","784","2024","4","PASS","0","0","0","0","866.265","31462080","65021632","96483712","65021632","0.96711","results/formal_v8/controlled_baselines/shuffle_only_c30_d784_s2024_r004.json"
"shuffle_only_c30_d784_s2024_r005","shuffle_only","30","784","2024","5","PASS","0","0","0","0","918.093","31462080","65021632","96483712","65021632","1.014348","results/formal_v8/controlled_baselines/shuffle_only_c30_d784_s2024_r005.json"
"shuffle_only_c30_d784_s2025_r001","shuffle_only","30","784","2025","1","PASS","0","0","0","0","866.2","31462080","65021632","96483712","65021632","0.959716","results/formal_v8/controlled_baselines/shuffle_only_c30_d784_s2025_r001.json"
"shuffle_only_c30_d784_s2025_r002","shuffle_only","30","784","2025","2","PASS","0","0","0","0","890.647","31462080","65021632","96483712","65021632","0.987489","results/formal_v8/controlled_baselines/shuffle_only_c30_d784_s2025_r002.json"
"shuffle_only_c30_d784_s2025_r003","shuffle_only","30","784","2025","3","PASS","0","0","0","0","867.549","31462080","65021632","96483712","65021632","0.965364","results/formal_v8/controlled_baselines/shuffle_only_c30_d784_s2025_r003.json"
"shuffle_only_c30_d784_s2025_r004","shuffle_only","30","784","2025","4","PASS","0","0","0","0","925.058","31462080","65021632","96483712","65021632","1.026794","results/formal_v8/controlled_baselines/shuffle_only_c30_d784_s2025_r004.json"
"shuffle_only_c30_d784_s2025_r005","shuffle_only","30","784","2025","5","PASS","0","0","0","0","880.703","31462080","65021632","96483712","65021632","0.986098","results/formal_v8/controlled_baselines/shuffle_only_c30_d784_s2025_r005.json"
"shuffle_only_c30_d784_s2026_r001","shuffle_only","30","784","2026","1","PASS","0","0","0","0","881.571","31462080","65021632","96483712","65021632","0.987949","results/formal_v8/controlled_baselines/shuffle_only_c30_d784_s2026_r001.json"
"shuffle_only_c30_d784_s2026_r002","shuffle_only","30","784","2026","2","PASS","0","0","0","0","923.545","31462080","65021632","96483712","65021632","1.023018","results/formal_v8/controlled_baselines/shuffle_only_c30_d784_s2026_r002.json"
"shuffle_only_c30_d784_s2026_r003","shuffle_only","30","784","2026","3","PASS","0","0","0","0","898.904","31462080","65021632","96483712","65021632","0.99349","results/formal_v8/controlled_baselines/shuffle_only_c30_d784_s2026_r003.json"
"shuffle_only_c30_d784_s2026_r004","shuffle_only","30","784","2026","4","PASS","0","0","0","0","967.624","31462080","65021632","96483712","65021632","1.085211","results/formal_v8/controlled_baselines/shuffle_only_c30_d784_s2026_r004.json"
"shuffle_only_c30_d784_s2026_r005","shuffle_only","30","784","2026","5","PASS","0","0","0","0","885.662","31462080","65021632","96483712","65021632","0.984972","results/formal_v8/controlled_baselines/shuffle_only_c30_d784_s2026_r005.json"
"shuffle_only_c40_d784_s2024_r001","shuffle_only","40","784","2024","1","PASS","0","0","0","0","1206.06","41949440","85996352","127945792","85996352","1.31594","results/formal_v8/controlled_baselines/shuffle_only_c40_d784_s2024_r001.json"
"shuffle_only_c40_d784_s2024_r002","shuffle_only","40","784","2024","2","PASS","0","0","0","0","1270.63","41949440","85996352","127945792","85996352","1.364294","results/formal_v8/controlled_baselines/shuffle_only_c40_d784_s2024_r002.json"
"shuffle_only_c40_d784_s2024_r003","shuffle_only","40","784","2024","3","PASS","0","0","0","0","1154.3","41949440","85996352","127945792","85996352","1.256741","results/formal_v8/controlled_baselines/shuffle_only_c40_d784_s2024_r003.json"
"shuffle_only_c40_d784_s2024_r004","shuffle_only","40","784","2024","4","PASS","0","0","0","0","1247.62","41949440","85996352","127945792","85996352","1.354976","results/formal_v8/controlled_baselines/shuffle_only_c40_d784_s2024_r004.json"
"shuffle_only_c40_d784_s2024_r005","shuffle_only","40","784","2024","5","PASS","0","0","0","0","1185.65","41949440","85996352","127945792","85996352","1.291049","results/formal_v8/controlled_baselines/shuffle_only_c40_d784_s2024_r005.json"
"shuffle_only_c40_d784_s2025_r001","shuffle_only","40","784","2025","1","PASS","0","0","0","0","1169.82","41949440","85996352","127945792","85996352","1.266463","results/formal_v8/controlled_baselines/shuffle_only_c40_d784_s2025_r001.json"
"shuffle_only_c40_d784_s2025_r002","shuffle_only","40","784","2025","2","PASS","0","0","0","0","1168.91","41949440","85996352","127945792","85996352","1.2612","results/formal_v8/controlled_baselines/shuffle_only_c40_d784_s2025_r002.json"
"shuffle_only_c40_d784_s2025_r003","shuffle_only","40","784","2025","3","PASS","0","0","0","0","1249.48","41949440","85996352","127945792","85996352","1.34023","results/formal_v8/controlled_baselines/shuffle_only_c40_d784_s2025_r003.json"
"shuffle_only_c40_d784_s2025_r004","shuffle_only","40","784","2025","4","PASS","0","0","0","0","1207.38","41949440","85996352","127945792","85996352","1.30692","results/formal_v8/controlled_baselines/shuffle_only_c40_d784_s2025_r004.json"
"shuffle_only_c40_d784_s2025_r005","shuffle_only","40","784","2025","5","PASS","0","0","0","0","1220.37","41949440","85996352","127945792","85996352","1.320413","results/formal_v8/controlled_baselines/shuffle_only_c40_d784_s2025_r005.json"
"shuffle_only_c40_d784_s2026_r001","shuffle_only","40","784","2026","1","PASS","0","0","0","0","1221.38","41949440","85996352","127945792","85996352","1.313952","results/formal_v8/controlled_baselines/shuffle_only_c40_d784_s2026_r001.json"
"shuffle_only_c40_d784_s2026_r002","shuffle_only","40","784","2026","2","PASS","0","0","0","0","1216.48","41949440","85996352","127945792","85996352","1.326831","results/formal_v8/controlled_baselines/shuffle_only_c40_d784_s2026_r002.json"
"shuffle_only_c40_d784_s2026_r003","shuffle_only","40","784","2026","3","PASS","0","0","0","0","1176.61","41949440","85996352","127945792","85996352","1.273593","results/formal_v8/controlled_baselines/shuffle_only_c40_d784_s2026_r003.json"
"shuffle_only_c40_d784_s2026_r004","shuffle_only","40","784","2026","4","PASS","0","0","0","0","1142.5","41949440","85996352","127945792","85996352","1.24808","results/formal_v8/controlled_baselines/shuffle_only_c40_d784_s2026_r004.json"
"shuffle_only_c40_d784_s2026_r005","shuffle_only","40","784","2026","5","PASS","0","0","0","0","1192.36","41949440","85996352","127945792","85996352","1.283778","results/formal_v8/controlled_baselines/shuffle_only_c40_d784_s2026_r005.json"
"shuffle_only_c50_d784_s2024_r001","shuffle_only","50","784","2024","1","PASS","0","0","0","0","1510.76","52436800","106971072","159407872","106971072","1.618242","results/formal_v8/controlled_baselines/shuffle_only_c50_d784_s2024_r001.json"
"shuffle_only_c50_d784_s2024_r002","shuffle_only","50","784","2024","2","PASS","0","0","0","0","1420.95","52436800","106971072","159407872","106971072","1.519937","results/formal_v8/controlled_baselines/shuffle_only_c50_d784_s2024_r002.json"
"shuffle_only_c50_d784_s2024_r003","shuffle_only","50","784","2024","3","PASS","0","0","0","0","1481.15","52436800","106971072","159407872","106971072","1.579326","results/formal_v8/controlled_baselines/shuffle_only_c50_d784_s2024_r003.json"
"shuffle_only_c50_d784_s2024_r004","shuffle_only","50","784","2024","4","PASS","0","0","0","0","1444.69","52436800","106971072","159407872","106971072","1.544676","results/formal_v8/controlled_baselines/shuffle_only_c50_d784_s2024_r004.json"
"shuffle_only_c50_d784_s2024_r005","shuffle_only","50","784","2024","5","PASS","0","0","0","0","1460.21","52436800","106971072","159407872","106971072","1.56643","results/formal_v8/controlled_baselines/shuffle_only_c50_d784_s2024_r005.json"
"shuffle_only_c50_d784_s2025_r001","shuffle_only","50","784","2025","1","PASS","0","0","0","0","1538.88","52436800","106971072","159407872","106971072","1.634971","results/formal_v8/controlled_baselines/shuffle_only_c50_d784_s2025_r001.json"
"shuffle_only_c50_d784_s2025_r002","shuffle_only","50","784","2025","2","PASS","0","0","0","0","1483.71","52436800","106971072","159407872","106971072","1.585809","results/formal_v8/controlled_baselines/shuffle_only_c50_d784_s2025_r002.json"
"shuffle_only_c50_d784_s2025_r003","shuffle_only","50","784","2025","3","PASS","0","0","0","0","1467.02","52436800","106971072","159407872","106971072","1.558986","results/formal_v8/controlled_baselines/shuffle_only_c50_d784_s2025_r003.json"
"shuffle_only_c50_d784_s2025_r004","shuffle_only","50","784","2025","4","PASS","0","0","0","0","1480.04","52436800","106971072","159407872","106971072","1.578644","results/formal_v8/controlled_baselines/shuffle_only_c50_d784_s2025_r004.json"
"shuffle_only_c50_d784_s2025_r005","shuffle_only","50","784","2025","5","PASS","0","0","0","0","1530.42","52436800","106971072","159407872","106971072","1.623694","results/formal_v8/controlled_baselines/shuffle_only_c50_d784_s2025_r005.json"
"shuffle_only_c50_d784_s2026_r001","shuffle_only","50","784","2026","1","PASS","0","0","0","0","1456.78","52436800","106971072","159407872","106971072","1.562133","results/formal_v8/controlled_baselines/shuffle_only_c50_d784_s2026_r001.json"
"shuffle_only_c50_d784_s2026_r002","shuffle_only","50","784","2026","2","PASS","0","0","0","0","1434.1","52436800","106971072","159407872","106971072","1.532931","results/formal_v8/controlled_baselines/shuffle_only_c50_d784_s2026_r002.json"
"shuffle_only_c50_d784_s2026_r003","shuffle_only","50","784","2026","3","PASS","0","0","0","0","1486.11","52436800","106971072","159407872","106971072","1.582648","results/formal_v8/controlled_baselines/shuffle_only_c50_d784_s2026_r003.json"
"shuffle_only_c50_d784_s2026_r004","shuffle_only","50","784","2026","4","PASS","0","0","0","0","1527.33","52436800","106971072","159407872","106971072","1.629891","results/formal_v8/controlled_baselines/shuffle_only_c50_d784_s2026_r004.json"
"shuffle_only_c50_d784_s2026_r005","shuffle_only","50","784","2026","5","PASS","0","0","0","0","1517.4","52436800","106971072","159407872","106971072","1.612223","results/formal_v8/controlled_baselines/shuffle_only_c50_d784_s2026_r005.json"
"full_protocol_c10_d784_s2024_r001","full_protocol","10","784","2024","1","PASS","0","0","0","0","311.891","10487360","23072192","33559552","23072192","0.406904","results/formal_v8/controlled_baselines/full_protocol_c10_d784_s2024_r001.json"
"full_protocol_c10_d784_s2024_r002","full_protocol","10","784","2024","2","PASS","0","0","0","0","328.429","10487360","23072192","33559552","23072192","0.447987","results/formal_v8/controlled_baselines/full_protocol_c10_d784_s2024_r002.json"
"full_protocol_c10_d784_s2024_r003","full_protocol","10","784","2024","3","PASS","0","0","0","0","303.08","10487360","23072192","33559552","23072192","0.40275","results/formal_v8/controlled_baselines/full_protocol_c10_d784_s2024_r003.json"
"full_protocol_c10_d784_s2024_r004","full_protocol","10","784","2024","4","PASS","0","0","0","0","334.663","10487360","23072192","33559552","23072192","0.432029","results/formal_v8/controlled_baselines/full_protocol_c10_d784_s2024_r004.json"
"full_protocol_c10_d784_s2024_r005","full_protocol","10","784","2024","5","PASS","0","0","0","0","312.278","10487360","23072192","33559552","23072192","0.403271","results/formal_v8/controlled_baselines/full_protocol_c10_d784_s2024_r005.json"
"full_protocol_c10_d784_s2025_r001","full_protocol","10","784","2025","1","PASS","0","0","0","0","334.345","10487360","23072192","33559552","23072192","0.430197","results/formal_v8/controlled_baselines/full_protocol_c10_d784_s2025_r001.json"
"full_protocol_c10_d784_s2025_r002","full_protocol","10","784","2025","2","PASS","0","0","0","0","341.34","10487360","23072192","33559552","23072192","0.452777","results/formal_v8/controlled_baselines/full_protocol_c10_d784_s2025_r002.json"
"full_protocol_c10_d784_s2025_r003","full_protocol","10","784","2025","3","PASS","0","0","0","0","349.8","10487360","23072192","33559552","23072192","0.445651","results/formal_v8/controlled_baselines/full_protocol_c10_d784_s2025_r003.json"
"full_protocol_c10_d784_s2025_r004","full_protocol","10","784","2025","4","PASS","0","0","0","0","317.527","10487360","23072192","33559552","23072192","0.429964","results/formal_v8/controlled_baselines/full_protocol_c10_d784_s2025_r004.json"
"full_protocol_c10_d784_s2025_r005","full_protocol","10","784","2025","5","PASS","0","0","0","0","322.895","10487360","23072192","33559552","23072192","0.409031","results/formal_v8/controlled_baselines/full_protocol_c10_d784_s2025_r005.json"
"full_protocol_c10_d784_s2026_r001","full_protocol","10","784","2026","1","PASS","0","0","0","0","315.997","10487360","23072192","33559552","23072192","0.42219","results/formal_v8/controlled_baselines/full_protocol_c10_d784_s2026_r001.json"
"full_protocol_c10_d784_s2026_r002","full_protocol","10","784","2026","2","PASS","0","0","0","0","299.479","10487360","23072192","33559552","23072192","0.39111","results/formal_v8/controlled_baselines/full_protocol_c10_d784_s2026_r002.json"
"full_protocol_c10_d784_s2026_r003","full_protocol","10","784","2026","3","PASS","0","0","0","0","300.11","10487360","23072192","33559552","23072192","0.39759","results/formal_v8/controlled_baselines/full_protocol_c10_d784_s2026_r003.json"
"full_protocol_c10_d784_s2026_r004","full_protocol","10","784","2026","4","PASS","0","0","0","0","321.285","10487360","23072192","33559552","23072192","0.413323","results/formal_v8/controlled_baselines/full_protocol_c10_d784_s2026_r004.json"
"full_protocol_c10_d784_s2026_r005","full_protocol","10","784","2026","5","PASS","0","0","0","0","304.334","10487360","23072192","33559552","23072192","0.399198","results/formal_v8/controlled_baselines/full_protocol_c10_d784_s2026_r005.json"
"full_protocol_c20_d784_s2024_r001","full_protocol","20","784","2024","1","PASS","0","0","0","0","627.918","20974720","44046912","65021632","44046912","0.720662","results/formal_v8/controlled_baselines/full_protocol_c20_d784_s2024_r001.json"
"full_protocol_c20_d784_s2024_r002","full_protocol","20","784","2024","2","PASS","0","0","0","0","610.96","20974720","44046912","65021632","44046912","0.698787","results/formal_v8/controlled_baselines/full_protocol_c20_d784_s2024_r002.json"
"full_protocol_c20_d784_s2024_r003","full_protocol","20","784","2024","3","PASS","0","0","0","0","644.994","20974720","44046912","65021632","44046912","0.744177","results/formal_v8/controlled_baselines/full_protocol_c20_d784_s2024_r003.json"
"full_protocol_c20_d784_s2024_r004","full_protocol","20","784","2024","4","PASS","0","0","0","0","658.364","20974720","44046912","65021632","44046912","0.772273","results/formal_v8/controlled_baselines/full_protocol_c20_d784_s2024_r004.json"
"full_protocol_c20_d784_s2024_r005","full_protocol","20","784","2024","5","PASS","0","0","0","0","601.389","20974720","44046912","65021632","44046912","0.699873","results/formal_v8/controlled_baselines/full_protocol_c20_d784_s2024_r005.json"
"full_protocol_c20_d784_s2025_r001","full_protocol","20","784","2025","1","PASS","0","0","0","0","642.135","20974720","44046912","65021632","44046912","0.742144","results/formal_v8/controlled_baselines/full_protocol_c20_d784_s2025_r001.json"
"full_protocol_c20_d784_s2025_r002","full_protocol","20","784","2025","2","PASS","0","0","0","0","628.236","20974720","44046912","65021632","44046912","0.73228","results/formal_v8/controlled_baselines/full_protocol_c20_d784_s2025_r002.json"
"full_protocol_c20_d784_s2025_r003","full_protocol","20","784","2025","3","PASS","0","0","0","0","640.464","20974720","44046912","65021632","44046912","0.769124","results/formal_v8/controlled_baselines/full_protocol_c20_d784_s2025_r003.json"
"full_protocol_c20_d784_s2025_r004","full_protocol","20","784","2025","4","PASS","0","0","0","0","623.365","20974720","44046912","65021632","44046912","0.723153","results/formal_v8/controlled_baselines/full_protocol_c20_d784_s2025_r004.json"
"full_protocol_c20_d784_s2025_r005","full_protocol","20","784","2025","5","PASS","0","0","0","0","596.017","20974720","44046912","65021632","44046912","0.690905","results/formal_v8/controlled_baselines/full_protocol_c20_d784_s2025_r005.json"
"full_protocol_c20_d784_s2026_r001","full_protocol","20","784","2026","1","PASS","0","0","0","0","642.956","20974720","44046912","65021632","44046912","0.753355","results/formal_v8/controlled_baselines/full_protocol_c20_d784_s2026_r001.json"
"full_protocol_c20_d784_s2026_r002","full_protocol","20","784","2026","2","PASS","0","0","0","0","585.661","20974720","44046912","65021632","44046912","0.679956","results/formal_v8/controlled_baselines/full_protocol_c20_d784_s2026_r002.json"
"full_protocol_c20_d784_s2026_r003","full_protocol","20","784","2026","3","PASS","0","0","0","0","603.917","20974720","44046912","65021632","44046912","0.697216","results/formal_v8/controlled_baselines/full_protocol_c20_d784_s2026_r003.json"
"full_protocol_c20_d784_s2026_r004","full_protocol","20","784","2026","4","PASS","0","0","0","0","638.82","20974720","44046912","65021632","44046912","0.752666","results/formal_v8/controlled_baselines/full_protocol_c20_d784_s2026_r004.json"
"full_protocol_c20_d784_s2026_r005","full_protocol","20","784","2026","5","PASS","0","0","0","0","602.03","20974720","44046912","65021632","44046912","0.702464","results/formal_v8/controlled_baselines/full_protocol_c20_d784_s2026_r005.json"
"full_protocol_c30_d784_s2024_r001","full_protocol","30","784","2024","1","PASS","0","0","0","0","895.786","31462080","65021632","96483712","65021632","0.998055","results/formal_v8/controlled_baselines/full_protocol_c30_d784_s2024_r001.json"
"full_protocol_c30_d784_s2024_r002","full_protocol","30","784","2024","2","PASS","0","0","0","0","871.509","31462080","65021632","96483712","65021632","0.963651","results/formal_v8/controlled_baselines/full_protocol_c30_d784_s2024_r002.json"
"full_protocol_c30_d784_s2024_r003","full_protocol","30","784","2024","3","PASS","0","0","0","0","885.268","31462080","65021632","96483712","65021632","0.981577","results/formal_v8/controlled_baselines/full_protocol_c30_d784_s2024_r003.json"
"full_protocol_c30_d784_s2024_r004","full_protocol","30","784","2024","4","PASS","0","0","0","0","877.862","31462080","65021632","96483712","65021632","0.980388","results/formal_v8/controlled_baselines/full_protocol_c30_d784_s2024_r004.json"
"full_protocol_c30_d784_s2024_r005","full_protocol","30","784","2024","5","PASS","0","0","0","0","924.647","31462080","65021632","96483712","65021632","1.024513","results/formal_v8/controlled_baselines/full_protocol_c30_d784_s2024_r005.json"
"full_protocol_c30_d784_s2025_r001","full_protocol","30","784","2025","1","PASS","0","0","0","0","889.283","31462080","65021632","96483712","65021632","0.990893","results/formal_v8/controlled_baselines/full_protocol_c30_d784_s2025_r001.json"
"full_protocol_c30_d784_s2025_r002","full_protocol","30","784","2025","2","PASS","0","0","0","0","887.202","31462080","65021632","96483712","65021632","1.056397","results/formal_v8/controlled_baselines/full_protocol_c30_d784_s2025_r002.json"
"full_protocol_c30_d784_s2025_r003","full_protocol","30","784","2025","3","PASS","0","0","0","0","868.481","31462080","65021632","96483712","65021632","0.975601","results/formal_v8/controlled_baselines/full_protocol_c30_d784_s2025_r003.json"
"full_protocol_c30_d784_s2025_r004","full_protocol","30","784","2025","4","PASS","0","0","0","0","888.68","31462080","65021632","96483712","65021632","0.985677","results/formal_v8/controlled_baselines/full_protocol_c30_d784_s2025_r004.json"
"full_protocol_c30_d784_s2025_r005","full_protocol","30","784","2025","5","PASS","0","0","0","0","907.952","31462080","65021632","96483712","65021632","1.009467","results/formal_v8/controlled_baselines/full_protocol_c30_d784_s2025_r005.json"
"full_protocol_c30_d784_s2026_r001","full_protocol","30","784","2026","1","PASS","0","0","0","0","906.688","31462080","65021632","96483712","65021632","1.004488","results/formal_v8/controlled_baselines/full_protocol_c30_d784_s2026_r001.json"
"full_protocol_c30_d784_s2026_r002","full_protocol","30","784","2026","2","PASS","0","0","0","0","864.42","31462080","65021632","96483712","65021632","0.962126","results/formal_v8/controlled_baselines/full_protocol_c30_d784_s2026_r002.json"
"full_protocol_c30_d784_s2026_r003","full_protocol","30","784","2026","3","PASS","0","0","0","0","937.067","31462080","65021632","96483712","65021632","1.042145","results/formal_v8/controlled_baselines/full_protocol_c30_d784_s2026_r003.json"
"full_protocol_c30_d784_s2026_r004","full_protocol","30","784","2026","4","PASS","0","0","0","0","924.223","31462080","65021632","96483712","65021632","1.026976","results/formal_v8/controlled_baselines/full_protocol_c30_d784_s2026_r004.json"
"full_protocol_c30_d784_s2026_r005","full_protocol","30","784","2026","5","PASS","0","0","0","0","860.015","31462080","65021632","96483712","65021632","0.952894","results/formal_v8/controlled_baselines/full_protocol_c30_d784_s2026_r005.json"
"full_protocol_c40_d784_s2024_r001","full_protocol","40","784","2024","1","PASS","0","0","0","0","1266.53","41949440","85996352","127945792","85996352","1.362778","results/formal_v8/controlled_baselines/full_protocol_c40_d784_s2024_r001.json"
"full_protocol_c40_d784_s2024_r002","full_protocol","40","784","2024","2","PASS","0","0","0","0","1196.66","41949440","85996352","127945792","85996352","1.290969","results/formal_v8/controlled_baselines/full_protocol_c40_d784_s2024_r002.json"
"full_protocol_c40_d784_s2024_r003","full_protocol","40","784","2024","3","PASS","0","0","0","0","1161.65","41949440","85996352","127945792","85996352","1.257091","results/formal_v8/controlled_baselines/full_protocol_c40_d784_s2024_r003.json"
"full_protocol_c40_d784_s2024_r004","full_protocol","40","784","2024","4","PASS","0","0","0","0","1217.12","41949440","85996352","127945792","85996352","1.314735","results/formal_v8/controlled_baselines/full_protocol_c40_d784_s2024_r004.json"
"full_protocol_c40_d784_s2024_r005","full_protocol","40","784","2024","5","PASS","0","0","0","0","1233.29","41949440","85996352","127945792","85996352","1.338334","results/formal_v8/controlled_baselines/full_protocol_c40_d784_s2024_r005.json"
"full_protocol_c40_d784_s2025_r001","full_protocol","40","784","2025","1","PASS","0","0","0","0","1147.09","41949440","85996352","127945792","85996352","1.243771","results/formal_v8/controlled_baselines/full_protocol_c40_d784_s2025_r001.json"
"full_protocol_c40_d784_s2025_r002","full_protocol","40","784","2025","2","PASS","0","0","0","0","1204.18","41949440","85996352","127945792","85996352","1.303338","results/formal_v8/controlled_baselines/full_protocol_c40_d784_s2025_r002.json"
"full_protocol_c40_d784_s2025_r003","full_protocol","40","784","2025","3","PASS","0","0","0","0","1164.9","41949440","85996352","127945792","85996352","1.268484","results/formal_v8/controlled_baselines/full_protocol_c40_d784_s2025_r003.json"
"full_protocol_c40_d784_s2025_r004","full_protocol","40","784","2025","4","PASS","0","0","0","0","1179.66","41949440","85996352","127945792","85996352","1.272266","results/formal_v8/controlled_baselines/full_protocol_c40_d784_s2025_r004.json"
"full_protocol_c40_d784_s2025_r005","full_protocol","40","784","2025","5","PASS","0","0","0","0","1184.77","41949440","85996352","127945792","85996352","1.2749","results/formal_v8/controlled_baselines/full_protocol_c40_d784_s2025_r005.json"
"full_protocol_c40_d784_s2026_r001","full_protocol","40","784","2026","1","PASS","0","0","0","0","1151.09","41949440","85996352","127945792","85996352","1.247308","results/formal_v8/controlled_baselines/full_protocol_c40_d784_s2026_r001.json"
"full_protocol_c40_d784_s2026_r002","full_protocol","40","784","2026","2","PASS","0","0","0","0","1210.19","41949440","85996352","127945792","85996352","1.305382","results/formal_v8/controlled_baselines/full_protocol_c40_d784_s2026_r002.json"
"full_protocol_c40_d784_s2026_r003","full_protocol","40","784","2026","3","PASS","0","0","0","0","1269.77","41949440","85996352","127945792","85996352","1.376311","results/formal_v8/controlled_baselines/full_protocol_c40_d784_s2026_r003.json"
"full_protocol_c40_d784_s2026_r004","full_protocol","40","784","2026","4","PASS","0","0","0","0","1259.15","41949440","85996352","127945792","85996352","1.359737","results/formal_v8/controlled_baselines/full_protocol_c40_d784_s2026_r004.json"
"full_protocol_c40_d784_s2026_r005","full_protocol","40","784","2026","5","PASS","0","0","0","0","1191.59","41949440","85996352","127945792","85996352","1.291799","results/formal_v8/controlled_baselines/full_protocol_c40_d784_s2026_r005.json"
"full_protocol_c50_d784_s2024_r001","full_protocol","50","784","2024","1","PASS","0","0","0","0","1439.57","52436800","106971072","159407872","106971072","1.539861","results/formal_v8/controlled_baselines/full_protocol_c50_d784_s2024_r001.json"
"full_protocol_c50_d784_s2024_r002","full_protocol","50","784","2024","2","PASS","0","0","0","0","1481.91","52436800","106971072","159407872","106971072","1.582584","results/formal_v8/controlled_baselines/full_protocol_c50_d784_s2024_r002.json"
"full_protocol_c50_d784_s2024_r003","full_protocol","50","784","2024","3","PASS","0","0","0","0","1516.47","52436800","106971072","159407872","106971072","1.613885","results/formal_v8/controlled_baselines/full_protocol_c50_d784_s2024_r003.json"
"full_protocol_c50_d784_s2024_r004","full_protocol","50","784","2024","4","PASS","0","0","0","0","1453.52","52436800","106971072","159407872","106971072","1.55484","results/formal_v8/controlled_baselines/full_protocol_c50_d784_s2024_r004.json"
"full_protocol_c50_d784_s2024_r005","full_protocol","50","784","2024","5","PASS","0","0","0","0","1483.95","52436800","106971072","159407872","106971072","1.609464","results/formal_v8/controlled_baselines/full_protocol_c50_d784_s2024_r005.json"
"full_protocol_c50_d784_s2025_r001","full_protocol","50","784","2025","1","PASS","0","0","0","0","1477.73","52436800","106971072","159407872","106971072","1.580351","results/formal_v8/controlled_baselines/full_protocol_c50_d784_s2025_r001.json"
"full_protocol_c50_d784_s2025_r002","full_protocol","50","784","2025","2","PASS","0","0","0","0","1508.01","52436800","106971072","159407872","106971072","1.603472","results/formal_v8/controlled_baselines/full_protocol_c50_d784_s2025_r002.json"
"full_protocol_c50_d784_s2025_r003","full_protocol","50","784","2025","3","PASS","0","0","0","0","1502.56","52436800","106971072","159407872","106971072","1.596827","results/formal_v8/controlled_baselines/full_protocol_c50_d784_s2025_r003.json"
"full_protocol_c50_d784_s2025_r004","full_protocol","50","784","2025","4","PASS","0","0","0","0","1490.8","52436800","106971072","159407872","106971072","1.587444","results/formal_v8/controlled_baselines/full_protocol_c50_d784_s2025_r004.json"
"full_protocol_c50_d784_s2025_r005","full_protocol","50","784","2025","5","PASS","0","0","0","0","1483.58","52436800","106971072","159407872","106971072","1.578786","results/formal_v8/controlled_baselines/full_protocol_c50_d784_s2025_r005.json"
"full_protocol_c50_d784_s2026_r001","full_protocol","50","784","2026","1","PASS","0","0","0","0","1462.27","52436800","106971072","159407872","106971072","1.560865","results/formal_v8/controlled_baselines/full_protocol_c50_d784_s2026_r001.json"
"full_protocol_c50_d784_s2026_r002","full_protocol","50","784","2026","2","PASS","0","0","0","0","1503.54","52436800","106971072","159407872","106971072","1.60251","results/formal_v8/controlled_baselines/full_protocol_c50_d784_s2026_r002.json"
"full_protocol_c50_d784_s2026_r003","full_protocol","50","784","2026","3","PASS","0","0","0","0","1475.01","52436800","106971072","159407872","106971072","1.576156","results/formal_v8/controlled_baselines/full_protocol_c50_d784_s2026_r003.json"
"full_protocol_c50_d784_s2026_r004","full_protocol","50","784","2026","4","PASS","0","0","0","0","1501.64","52436800","106971072","159407872","106971072","1.606566","results/formal_v8/controlled_baselines/full_protocol_c50_d784_s2026_r004.json"
"full_protocol_c50_d784_s2026_r005","full_protocol","50","784","2026","5","PASS","0","0","0","0","1443.29","52436800","106971072","159407872","106971072","1.536534","results/formal_v8/controlled_baselines/full_protocol_c50_d784_s2026_r005.json"
